ticker,naam,sector,markt,valuta,omzet_per_jaar_mln,brutowinst_per_jaar_mln,groeivenster,breukjaren,breukfactor,omzetrichting,brutowinst_bij_breuk_mln,breukreden,omzet_onder_1_mln,cagr_voor_fase_a_pct,uit_groeiers_tab
ALVO-SDB.ST,Alvotech,Healthcare,SE,SEK,2021=;2022=833.8;2023=918.2;2024=4917.7;2025=5888.2,2021=;2022=190.1;2023=-697.2;2024=3056.7;2025=3522.6,2022-2025,2023->2024,5.4,omhoog,-697.2->3056.7,brutowinst negatief,nee,91.9,ja
ALVO.IC,Alvotech,Healthcare,IS,ISK,2021=;2022=10104.6;2023=11127.5;2024=59594.3;2025=71355.3,2021=;2022=2304.3;2023=-8448.7;2024=37042.2;2025=42687.9,2022-2025,2023->2024,5.4,omhoog,-8448.7->37042.2,brutowinst negatief,nee,91.9,ja
ASPL.L,Aseana Properties Limited,Real Estate,UK,USD,2021=;2022=8.9;2023=12.7;2024=18.0;2025=44.1,2021=;2022=;2023=;2024=;2025=,2022-2025,2024->2025,2.5,omhoog,->,brutowinst ontbreekt,nee,70.6,ja
ATEB.BR,Atenor SA,Real Estate,BE,EUR,2021=;2022=35.0;2023=78.6;2024=321.3;2025=147.0,2021=;2022=0.6;2023=-7.7;2024=22.8;2025=-12.4,2022-2025,2022->2023;2023->2024;2024->2025,2.2;4.1;2.2,omhoog;omhoog;omlaag,0.6->-7.7;-7.7->22.8;22.8->-12.4,brutowinst negatief;brutowinst negatief;brutowinst negatief,nee,61.4,ja
ATN.L,Aterian plc,Basic Materials,UK,GBP,2021=;2022=0.0;2023=0.0;2024=0.0;2025=0.1,2021=;2022=-0.0;2023=0.0;2024=0.0;2025=0.0,2024-2025,2024->2025,2.6,omhoog,0.0->0.0,brutowinst ontbreekt,ja,161.9,ja
B90.L,B90 Holdings PLC,Consumer Cyclical,UK,GBP,2021=;2022=1.8;2023=2.6;2024=3.0;2025=6.1,2021=0.7;2022=1.8;2023=;2024=;2025=,2022-2025,2024->2025,2.0,omhoog,->,brutowinst ontbreekt,nee,49.5,ja
BA69.L,City of London Investment Trust (The) PLC,Unknown,UK,GBP,2022=101.4;2023=63.8;2024=299.1;2025=344.2;2026=515.7,2022=;2023=;2024=;2025=;2026=,2023-2026,2023->2024,4.7,omhoog,->,brutowinst ontbreekt,nee,100.7,ja
BSFA.L,BSF Enterprise Plc,Healthcare,UK,GBP,2022=0.0;2023=0.0;2024=0.1;2025=0.1,2022=0.0;2023=-0.1;2024=-0.0;2025=-0.0,2023-2025,2023->2024,4.5,omhoog,-0.1->-0.0,brutowinst negatief,ja,102.1,ja
BSRT.L,Baker Steel Resources Trust Ltd.,Financial Services,UK,GBP,2021=;2022=-19.6;2023=-1.7;2024=14.1;2025=51.2,2021=;2022=;2023=;2024=;2025=,2024-2025,2024->2025,3.6,omhoog,->,brutowinst ontbreekt,nee,264.1,ja
BTC.L,London BTC Company Limited,Financial Services,UK,GBP,2022=0.0;2023=0.0;2026=1.2,2022=0.0;2023=-0.0;2026=-0.3,2023-2026,2023->2026,28.2,omhoog,-0.0->-0.3,brutowinst negatief,nee,204.5,ja
CHLL.L,Chill Brands Group PLC,Healthcare,UK,GBP,2022=0.6;2023=0.1;2024=1.9;2025=,2022=-0.8;2023=-0.2;2024=0.5;2025=,2022-2024,2022->2023;2023->2024,7.5;23.0,omlaag;omhoog,-0.8->-0.2;-0.2->0.5,brutowinst negatief;brutowinst negatief,ja,74.8,ja
CHRY.L,Chrysalis Investments Limited,Financial Services,UK,GBP,2021=;2022=-598.1;2023=-75.6;2024=42.4;2025=123.6,2021=;2022=;2023=;2024=;2025=,2024-2025,2024->2025,2.9,omhoog,->,brutowinst ontbreekt,nee,191.1,ja
CINPHA.ST,Cinclus Pharma Holding AB (publ),Healthcare,SE,SEK,2021=;2022=10.6;2023=6.0;2024=4.6;2025=57.5,2021=;2022=;2023=;2024=;2025=,2022-2025,2024->2025,12.5,omhoog,->,brutowinst ontbreekt,nee,75.8,ja
CLE.WA,Coal Energy S.A.,Energy,PL,PLN,2022=8.9;2023=3.0;2024=9.6;2025=14.7,2022=0.7;2023=-0.5;2024=3.1;2025=1.8,2022-2025,2022->2023;2023->2024,3.0;3.2,omlaag;omhoog,0.7->-0.5;-0.5->3.1,brutowinst negatief;brutowinst negatief,nee,17.9,ja
CTYA.L,City of London Investment Trust (The) PLC,Unknown,UK,GBP,2022=101.4;2023=63.8;2024=299.1;2025=344.2;2026=515.7,2022=;2023=;2024=;2025=;2026=,2023-2026,2023->2024,4.7,omhoog,->,brutowinst ontbreekt,nee,100.7,ja
CZT.WA,Czerwona Torebka Spólka Akcyjna,Real Estate,PL,PLN,2021=;2022=7.3;2023=14.5;2024=3.9;2025=36.0,2021=;2022=-2.0;2023=4.0;2024=-1.0;2025=10.6,2022-2025,2023->2024;2024->2025,3.7;9.1,omlaag;omhoog,4.0->-1.0;-1.0->10.6,brutowinst negatief;brutowinst negatief,nee,70.0,ja
DDRIL.OL,Dolphin Drilling AS,Energy,NO,NOK,2021=;2022=202.1;2023=707.3;2024=932.1;2025=1718.8,2021=;2022=-372.0;2023=25.9;2024=-282.0;2025=136.3,2022-2025,2022->2023,3.5,omhoog,-372.0->25.9,brutowinst negatief,nee,104.1,ja
EARN.L,EARNZ plc,Industrials,UK,GBP,2021=;2022=0.4;2023=0.0;2024=2.6;2025=11.8,2021=;2022=-0.3;2023=0.0;2024=0.3;2025=3.1,2022-2025,2022->2024,6.3,omhoog,-0.3->0.3,brutowinst negatief,nee,204.5,ja
EDX.L,EDX Medical Group Plc,Healthcare,UK,GBP,2023=0.0;2024=0.2;2025=0.1;2026=0.3,2023=-0.0;2024=-0.0;2025=0.0;2026=-0.1,2023-2026,2023->2024;2025->2026,59.0;2.7,omhoog;omhoog,-0.0->-0.0;0.0->-0.1,brutowinst negatief;brutowinst negatief,ja,340.6,ja
EGTX.ST,Egetis Therapeutics AB (publ),Healthcare,SE,SEK,2021=;2022=22.5;2023=57.6;2024=46.1;2025=62.4,2021=;2022=-120.1;2023=46.6;2024=34.5;2025=12.4,2022-2025,2022->2023,2.6,omhoog,-120.1->46.6,brutowinst negatief,nee,40.5,ja
EOLU-B.ST,Eolus Aktiebolag (publ),Utilities,SE,SEK,2021=;2022=2356.0;2023=2301.0;2024=851.0;2025=3911.0,2021=;2022=309.0;2023=1004.0;2024=652.0;2025=0.0,2022-2025,2023->2024;2024->2025,2.7;4.6,omlaag;omhoog,1004.0->652.0;652.0->0.0,brutowinst volgt niet;brutowinst ontbreekt,nee,18.4,ja
EUA.L,Eurasia Mining Plc,Basic Materials,UK,GBP,2021=;2022=0.1;2023=2.1;2024=6.6;2025=5.4,2021=;2022=0.1;2023=0.5;2024=-0.1;2025=1.2,2022-2025,2023->2024,3.2,omhoog,0.5->-0.1,brutowinst negatief,nee,256.6,ja
EWI.L,Edinburgh Worldwide Ord,Unknown,UK,GBP,2022=-541.2;2023=-181.6;2024=73.2;2025=180.4,2022=;2023=;2024=;2025=,2024-2025,2024->2025,2.5,omhoog,->,brutowinst ontbreekt,nee,146.2,ja
GDR.L,genedrive plc,Healthcare,UK,GBP,2022=0.0;2023=0.1;2024=0.3;2025=0.8,2022=;2023=;2024=;2025=,2022-2025,2023->2024;2024->2025,6.0;2.3,omhoog;omhoog,->;->,brutowinst ontbreekt;brutowinst ontbreekt,ja,149.8,ja
GROW.L,Molten Ventures Plc,Unknown,UK,GBP,2022=;2023=-223.0;2024=-58.8;2025=31.7;2026=148.0,2022=;2023=;2024=;2025=;2026=,2025-2026,2025->2026,4.7,omhoog,->,brutowinst ontbreekt,nee,366.9,ja
GST.L,GSTechnologies Ltd.,Technology,UK,GBP,2022=0.0;2023=0.3;2024=1.1;2025=1.9;2026=0.8,2022=-0.2;2023=-0.1;2024=0.6;2025=0.1;2026=-1.4,2023-2026,2023->2024;2025->2026,3.3;2.3,omhoog;omlaag,-0.1->0.6;0.1->-1.4,brutowinst negatief;brutowinst negatief,nee,36.5,ja
GTY.DE,Gateway Real Estate AG,Real Estate,DE,EUR,2021=;2022=24.5;2023=29.1;2024=123.0;2025=70.5,2021=;2022=137.0;2023=171.4;2024=150.2;2025=123.1,2022-2025,2023->2024,4.2,omhoog,171.4->150.2,brutowinst volgt niet,nee,42.2,ja
H2A.DE,H2APEX Group SCA,Industrials,DE,EUR,2021=;2022=3.8;2023=15.3;2024=29.6;2025=10.0,2021=;2022=0.7;2023=1.7;2024=0.9;2025=-7.1,2022-2025,2024->2025,3.0,omlaag,0.9->-7.1,brutowinst negatief,nee,37.3,ja
HUD.L,Huddled Group Plc,Consumer Cyclical,UK,GBP,2021=;2022=0.8;2023=2.4;2024=12.9;2025=18.6,2021=;2022=-0.1;2023=-0.0;2024=0.0;2025=0.7,2022-2025,2022->2023;2023->2024,3.0;5.3,omhoog;omhoog,-0.1->-0.0;-0.0->0.0,brutowinst negatief;brutowinst negatief,nee,186.1,ja
IAD.L,Invesco Asia Dragon Trust Ord,Unknown,UK,GBP,2022=;2023=4.7;2024=7.6;2025=-19.4;2026=288.7,2022=;2023=;2024=;2025=;2026=,2023-2026,2024->2026,38.0,omhoog,->,brutowinst ontbreekt,nee,294.1,ja
IDM.WA,IDM Spólka Akcyjna,Financial Services,PL,PLN,2021=1.4;2022=0.2;2023=0.6;2024=4.2,2021=-0.7;2022=-1.7;2023=-1.5;2024=1.5,2021-2024,2021->2022;2022->2023;2023->2024,5.6;2.5;6.7,omlaag;omhoog;omhoog,-0.7->-1.7;-1.7->-1.5;-1.5->1.5,brutowinst negatief;brutowinst negatief;brutowinst negatief,ja,44.8,ja
IES.L,Invinity Energy Systems plc,Industrials,UK,GBP,2021=;2022=2.9;2023=22.0;2024=5.0;2025=8.2,2021=;2022=0.0;2023=-3.4;2024=-3.5;2025=-2.9,2022-2025,2022->2023;2023->2024,7.5;4.4,omhoog;omlaag,0.0->-3.4;-3.4->-3.5,brutowinst negatief;brutowinst negatief,nee,40.6,ja
IKA.L,Ilika plc,Industrials,UK,GBP,2022=0.5;2023=0.0;2024=0.0;2025=0.1;2026=0.1,2022=0.3;2023=-0.4;2024=-1.1;2025=-0.5;2026=-0.5,2023-2026,2024->2025,3.7,omhoog,-1.1->-0.5,brutowinst negatief,ja,49.4,ja
ITM.L,ITM Power Plc,Industrials,UK,GBP,2022=5.6;2023=5.2;2024=16.5;2025=26.0,2022=-23.5;2023=-79.1;2024=-16.7;2025=-23.7,2022-2025,2023->2024,3.2,omhoog,-79.1->-16.7,brutowinst negatief,nee,66.6,ja
KAV.L,Kavango Resources Plc,Basic Materials,UK,GBP,2021=;2022=0.0;2023=0.0;2024=0.3;2025=1.3,2021=;2022=;2023=0.0;2024=-0.0;2025=-1.7,2024-2025,2024->2025,3.9,omhoog,-0.0->-1.7,brutowinst negatief,nee,285.6,ja
MATD.L,Petro Matad Limited,Energy,UK,GBP,2021=;2022=0.1;2023=0.3;2024=0.6;2025=2.2,2021=;2022=0.0;2023=0.1;2024=0.1;2025=0.5,2022-2025,2023->2024,2.3,omhoog,0.1->0.1,brutowinst volgt niet,ja,146.0,ja
MDH.L,Mendell Helium plc,Healthcare,UK,GBP,2024=0.0;2025=0.4,2024=-0.7;2025=-0.2,2024-2025,2024->2025,59.7,omhoog,-0.7->-0.2,brutowinst negatief,ja,5867.4,ja
MNTS.L,The Schiehallion Fund Limited,Financial Services,UK,GBP,2022=;2023=-240.3;2024=52.8;2025=118.2;2026=333.6,2022=;2023=;2024=;2025=;2026=,2024-2026,2024->2025;2025->2026,2.2;2.8,omhoog;omhoog,->;->,brutowinst ontbreekt;brutowinst ontbreekt,nee,151.3,ja
MVIR.ST,Medivir AB (publ),Healthcare,SE,SEK,2021=;2022=4.4;2023=7.6;2024=3.5;2025=8.5,2021=;2022=;2023=;2024=;2025=,2022-2025,2023->2024;2024->2025,2.2;2.4,omlaag;omhoog,->;->,brutowinst ontbreekt;brutowinst ontbreekt,nee,24.5,ja
MWT.WA,M.W. Trade SA,Financial Services,PL,PLN,2022=1.3;2023=0.7;2024=0.5;2025=3.3,2022=-1.3;2023=-2.0;2024=-2.0;2025=-2.5,2022-2025,2024->2025,7.0,omhoog,-2.0->-2.5,brutowinst negatief,nee,36.6,ja
NCL.WA,NOCTILUCA SPÓLKA AKCYJNA,Technology,PL,PLN,2021=0.0;2022=0.2;2023=0.7;2024=1.4;2025=2.3,2021=0.4;2022=0.7;2023=0.1;2024=2.1;2025=3.3,2022-2025,2022->2023,3.7,omhoog,0.7->0.1,brutowinst volgt niet,ja,128.3,ja
NICA.ST,Nanologica AB (publ),Healthcare,SE,SEK,2021=;2022=1.6;2023=1.4;2024=14.5;2025=21.1,2021=;2022=3.2;2023=-0.1;2024=4.3;2025=4.3,2022-2025,2023->2024,10.1,omhoog,-0.1->4.3,brutowinst negatief,nee,138.6,ja
NOL.OL,Northern Ocean Ltd.,Energy,NO,NOK,2021=;2022=208.5;2023=2279.9;2024=2539.2;2025=2688.9,2021=;2022=-538.7;2023=-154.5;2024=-30.7;2025=-239.1,2022-2025,2022->2023,10.9,omhoog,-538.7->-154.5,brutowinst negatief,nee,134.5,ja
ONCIN.OL,Oncoinvent ASA,Healthcare,NO,NOK,2021=;2022=0.4;2023=0.4;2024=2.7;2025=23.0,2021=;2022=;2023=;2024=;2025=,2022-2025,2023->2024;2024->2025,7.7;8.4,omhoog;omhoog,->;->,brutowinst ontbreekt;brutowinst ontbreekt,nee,289.8,ja
ORRON.ST,Orrön Energy AB (publ),Utilities,SE,SEK,2021=;2022=155.7;2023=320.5;2024=290.0;2025=326.2,2021=;2022=;2023=;2024=290.0;2025=313.7,2022-2025,2022->2023,2.1,omhoog,->,brutowinst ontbreekt,nee,27.9,ja
OSEC.L,Octopus AIM VCT 2 plc,Financial Services,UK,GBP,2022=-36.1;2023=-15.2;2024=0.2;2025=0.7,2022=;2023=;2024=;2025=,2024-2025,2024->2025,2.8,omhoog,->,brutowinst ontbreekt,ja,177.0,ja
PBF.WA,PBS Finanse S.A.,Financial Services,PL,PLN,2021=;2022=2.0;2023=1.0;2024=4.6;2025=3.6,2021=;2022=0.5;2023=0.6;2024=0.9;2025=0.7,2022-2025,2022->2023;2023->2024,2.0;4.8,omlaag;omhoog,0.5->0.6;0.6->0.9,brutowinst volgt niet;brutowinst volgt niet,nee,22.0,ja
PEMB.L,Pembroke VCT B,Unknown,UK,GBP,2022=;2023=-8.5;2024=-9.2;2025=1.8;2026=11.5,2022=;2023=;2024=;2025=;2026=,2025-2026,2025->2026,6.4,omhoog,->,brutowinst ontbreekt,nee,536.9,ja
PHE.L,PowerHouse Energy Group Plc,Industrials,UK,GBP,2021=;2022=0.4;2023=0.2;2024=0.5;2025=1.2,2021=;2022=0.1;2023=0.1;2024=0.3;2025=0.5,2022-2025,2022->2023,2.1,omlaag,0.1->0.1,brutowinst volgt niet,ja,48.0,ja
PRI.WA,NPL Nova S.A.,Financial Services,PL,PLN,2021=;2022=2.1;2023=1.5;2024=4.4;2025=4.4,2021=;2022=-0.2;2023=-0.5;2024=2.3;2025=2.4,2022-2025,2023->2024,2.9,omhoog,-0.5->2.3,brutowinst negatief,nee,27.1,ja
PRTC.L,PureTech Health plc,Healthcare,UK,GBP,2021=;2022=1.5;2023=0.5;2024=3.2;2025=3.4,2021=;2022=;2023=;2024=;2025=,2022-2025,2022->2023;2023->2024,2.8;5.8,omlaag;omhoog,->;->,brutowinst ontbreekt;brutowinst ontbreekt,nee,30.6,ja
PTP.DE,Pentixapharm Holding AG,Healthcare,DE,EUR,2021=;2022=0.0;2023=0.0;2024=0.1;2025=0.1,2021=;2022=4.0;2023=4.7;2024=-3.6;2025=-6.7,2022-2025,2023->2024,4.9,omhoog,4.7->-3.6,brutowinst negatief,ja,44.2,ja
PXS.L,Provexis plc,Healthcare,UK,GBP,2022=0.4;2023=0.4;2024=0.8;2025=1.3,2022=0.4;2023=0.3;2024=0.3;2025=0.5,2022-2025,2023->2024,2.1,omhoog,0.3->0.3,brutowinst volgt niet,ja,44.7,ja
REX.WA,Rex Concepts S.A.,Consumer Cyclical,PL,PLN,2023=135.1;2024=358.5;2025=594.6,2023=-6.3;2024=7.7;2025=20.1,2023-2025,2023->2024,2.7,omhoog,-6.3->7.7,brutowinst negatief,nee,109.8,ja
RTML.F,CAMERIT AG,Financial Services,DE,EUR,2021=;2022=0.1;2023=0.1;2024=0.0;2025=0.2,2021=;2022=-0.0;2023=-0.0;2024=-0.1;2025=0.1,2022-2025,2023->2025,3.0,omhoog,-0.0->0.1,brutowinst negatief,ja,24.8,ja
SALT.L,MicroSalt plc,Consumer Defensive,UK,GBP,2021=;2022=0.5;2023=0.4;2024=0.6;2025=1.6,2021=;2022=0.1;2023=-0.1;2024=-0.3;2025=0.1,2022-2025,2024->2025,2.8,omhoog,-0.3->0.1,brutowinst negatief,nee,48.0,ja
SCW.WA,Scanway S.A.,Technology,PL,PLN,2021=;2022=2.2;2023=5.5;2024=11.5;2025=21.3,2021=;2022=1.7;2023=7.9;2024=9.2;2025=16.7,2022-2025,2023->2024,2.1,omhoog,7.9->9.2,brutowinst volgt niet,nee,114.4,ja
SEZI.ST,Senzime AB (publ),Healthcare,SE,SEK,2021=;2022=14.0;2023=35.8;2024=58.5;2025=104.0,2021=;2022=-4.4;2023=8.3;2024=20.1;2025=34.7,2022-2025,2022->2023,2.5,omhoog,-4.4->8.3,brutowinst negatief,nee,95.0,ja
SHAPE.CO,Shape Robotics A/S,Technology,DK,DKK,2021=18.2;2022=87.4;2023=171.2;2024=301.9,2021=-1.6;2022=26.5;2023=49.0;2024=97.8,2021-2024,2021->2022,4.8,omhoog,-1.6->26.5,brutowinst negatief,nee,154.9,ja
STAR-A.ST,Starbreeze AB (publ),Communication Services,SE,SEK,2021=;2022=127.6;2023=633.5;2024=185.9;2025=221.0,2021=;2022=67.1;2023=324.2;2024=-263.0;2025=-269.9,2022-2025,2023->2024,3.4,omlaag,324.2->-263.0,brutowinst negatief,nee,20.1,ja
STAR-B.ST,Starbreeze AB (publ),Communication Services,SE,SEK,2021=;2022=127.6;2023=633.5;2024=185.9;2025=221.0,2021=;2022=67.1;2023=324.2;2024=-263.0;2025=-269.9,2022-2025,2023->2024,3.4,omlaag,324.2->-263.0,brutowinst negatief,nee,20.1,ja
SUH.L,Sutton Harbour Group plc,Industrials,UK,GBP,2022=7.2;2023=8.2;2024=16.4;2025=,2022=2.3;2023=2.2;2024=0.0;2025=,2022-2024,2023->2024,2.0,omhoog,2.2->0.0,brutowinst volgt niet,nee,50.8,ja
URT.WA,Urteste S.A.,Healthcare,PL,PLN,2021=;2022=0.0;2023=0.0;2024=0.0;2025=0.0,2021=;2022=-0.3;2023=-0.5;2024=-0.3;2025=-0.2,2022-2025,2022->2023;2023->2024,2.3;2.0,omhoog;omhoog,-0.3->-0.5;-0.5->-0.3,brutowinst negatief;brutowinst negatief,ja,94.3,ja
VAL.L,ValiRx plc,Healthcare,UK,GBP,2021=;2022=0.0;2023=0.0;2024=0.0;2025=0.0,2021=;2022=0.0;2023=0.0;2024=-0.0;2025=-0.0,2023-2025,2023->2024,5.2,omhoog,0.0->-0.0,brutowinst negatief,ja,80.8,ja
VRCI.L,Verici Dx plc,Healthcare,UK,GBP,2021=;2022=0.0;2023=0.7;2024=2.4;2025=2.7,2021=;2022=;2023=;2024=2.4;2025=2.1,2023-2025,2023->2024,3.3,omhoog,->2.4,brutowinst ontbreekt,nee,90.2,ja
XBRANE.ST,Xbrane Biopharma AB (publ),Healthcare,SE,SEK,2021=;2022=57.7;2023=238.8;2024=148.1;2025=152.4,2021=;2022=57.6;2023=35.4;2024=129.9;2025=89.5,2022-2025,2022->2023,4.1,omhoog,57.6->35.4,brutowinst volgt niet,nee,38.2,ja
YOUNI.PA,Younited Financial S.A.,Unknown,FR,EUR,2021=;2022=0.1;2023=101.8;2024=8.8;2025=3.7,2021=;2022=-32.8;2023=-40.8;2024=-46.7;2025=-53.6,2022-2025,2022->2023;2023->2024;2024->2025,1027.8;11.5;2.4,omhoog;omlaag;omlaag,-32.8->-40.8;-40.8->-46.7;-46.7->-53.6,brutowinst negatief;brutowinst negatief;brutowinst negatief,nee,235.4,ja
ZED.L,Zenova Group Plc,Basic Materials,UK,GBP,2021=0.0;2022=0.2;2023=0.3;2024=0.1,2021=0.0;2022=0.1;2023=0.1;2024=-0.1,2021-2024,2023->2024,4.1,omlaag,0.1->-0.1,brutowinst negatief,ja,124.6,ja
2INV.F,2invest AG,Financial Services,DE,EUR,2021=;2022=0.0;2023=0.1;2024=0.9;2025=1.1,2021=;2022=-0.1;2023=-0.0;2024=0.8;2025=1.0,2023-2025,2023->2024,11.2,omhoog,-0.0->0.8,brutowinst negatief,ja,276.1,nee
72HN.L,Merchants Trust (The) PLC,Unknown,UK,GBP,2023=43.8;2024=-27.0;2025=107.1;2026=165.4,2023=;2024=;2025=;2026=,2023-2026,2023->2025,2.4,omhoog,->,brutowinst ontbreekt,nee,55.7,nee
AAEV.L,Albion Enterprise VCT Ord,Unknown,UK,GBP,2022=;2023=3.4;2024=4.0;2025=15.5;2026=4.9,2022=;2023=;2024=;2025=;2026=,2023-2026,2024->2025;2025->2026,3.9;3.1,omhoog;omlaag,->;->,brutowinst ontbreekt;brutowinst ontbreekt,nee,13.4,nee
AAIF.L,Aberdeen Asian Income Fund Limited,Financial Services,UK,GBP,2021=;2022=-14.8;2023=11.2;2024=37.6;2025=76.3,2021=;2022=;2023=;2024=;2025=,2023-2025,2023->2024;2024->2025,3.3;2.0,omhoog;omhoog,->;->,brutowinst ontbreekt;brutowinst ontbreekt,nee,160.5,nee
AATG.L,Albion Technology & Gen VCT Ord,Unknown,UK,GBP,2021=;2022=-5.6;2023=5.0;2024=12.5;2025=5.7,2021=;2022=;2023=;2024=;2025=,2023-2025,2023->2024;2024->2025,2.5;2.2,omhoog;omlaag,->;->,brutowinst ontbreekt;brutowinst ontbreekt,nee,7.2,nee
AAZ.L,Anglo Asian Mining PLC,Basic Materials,UK,GBP,2021=;2022=62.1;2023=33.6;2024=29.0;2025=90.0,2021=;2022=11.5;2023=-3.3;2024=-7.4;2025=40.0,2022-2025,2024->2025,3.1,omhoog,-7.4->40.0,brutowinst negatief,nee,13.2,nee
ABT.MI,Abitare In S.p.A.,Real Estate,IT,EUR,2022=25.5;2023=252.4;2024=26.4;2025=63.4,2022=105.2;2023=95.9;2024=71.8;2025=92.9,2022-2025,2022->2023;2023->2024;2024->2025,9.9;9.6;2.4,omhoog;omlaag;omhoog,105.2->95.9;95.9->71.8;71.8->92.9,brutowinst volgt niet;brutowinst volgt niet;brutowinst volgt niet,nee,35.4,nee
ADME.L,ADM Energy plc,Energy,UK,GBP,2021=1.8;2022=0.7;2023=0.0;2024=0.1,2021=;2022=;2023=0.0;2024=0.1,2021-2024,2021->2022;2022->2024,2.6;7.0,omlaag;omlaag,->;->0.1,brutowinst ontbreekt;brutowinst ontbreekt,ja,-62.1,nee
ADV.WA,Adiuvo Investments S.A.,Healthcare,PL,PLN,2021=;2022=0.2;2023=1.0;2024=0.3;2025=0.8,2021=;2022=-0.1;2023=1.0;2024=0.3;2025=0.8,2022-2025,2022->2023,5.7,omhoog,-0.1->1.0,brutowinst negatief,ja,67.4,nee
ADYEN.AS,Adyen N.V.,Technology,NL,EUR,2021=;2022=8935.6;2023=1863.4;2024=2225.6;2025=2646.9,2021=;2022=1330.2;2023=1626.1;2024=1987.8;2025=2351.6,2022-2025,2022->2023,4.8,omlaag,1330.2->1626.1,brutowinst volgt niet,nee,-33.3,nee
AEDES.MI,Aedes Spa,Real Estate,IT,EUR,2021=0.1;2022=1.1;2023=0.1;2024=,2021=-0.3;2022=0.7;2023=-0.3;2024=0.0,2021-2023,2021->2022;2022->2023,7.9;15.2,omhoog;omlaag,-0.3->0.7;0.7->-0.3,brutowinst negatief;brutowinst negatief,nee,-27.7,nee
AEET.L,Parvus Energy Efficiency Trust,Unknown,UK,GBP,2022=1.9;2023=2.8;2024=0.3;2025=1.4,2022=;2023=;2024=;2025=,2022-2025,2023->2024;2024->2025,8.1;4.1,omlaag;omhoog,->;->,brutowinst ontbreekt;brutowinst ontbreekt,nee,-9.6,nee
AEI.L,Aberdeen Equity Income Trust,Unknown,UK,GBP,2022=-12.4;2023=3.8;2024=20.1;2025=33.9,2022=;2023=;2024=;2025=,2023-2025,2023->2024,5.3,omhoog,->,brutowinst ontbreekt,nee,198.0,nee
AELIS.PA,Aelis Farma SA,Healthcare,FR,EUR,2022=3.8;2023=9.1;2024=2.7;2025=0.0,2022=;2023=;2024=;2025=,2022-2024,2022->2023;2023->2024,2.4;3.4,omhoog;omlaag,->;->,brutowinst ontbreekt;brutowinst ontbreekt,nee,-16.2,nee
AEX.L,Aminex PLC,Energy,UK,GBP,2021=;2022=0.0;2023=0.1;2024=0.0;2025=0.0,2021=;2022=-0.2;2023=0.0;2024=-0.0;2025=-0.0,2022-2025,2023->2024,2.9,omlaag,0.0->-0.0,brutowinst negatief,ja,-8.5,nee
AGAT.CO,Agat Ejendomme A/S,Real Estate,DK,DKK,2022=;2023=178.5;2024=238.7;2025=70.4;2026=72.2,2022=;2023=-38.9;2024=-11.1;2025=0.5;2026=23.5,2023-2026,2024->2025,3.4,omlaag,-11.1->0.5,brutowinst negatief,nee,-26.0,nee
AGT.WA,Agroton Public Limited,Consumer Defensive,PL,PLN,2021=223.7;2022=95.9;2023=5.1,2021=150.4;2022=30.2;2023=-2.4,2021-2023,2022->2023,18.7,omlaag,30.2->-2.4,brutowinst negatief,nee,-84.8,nee
AIE.L,Ashoka India Equity Investment Ord,Unknown,UK,GBP,2022=8.9;2023=43.3;2024=114.8,2022=;2023=;2024=,2022-2024,2022->2023;2023->2024,4.9;2.7,omhoog;omhoog,->;->,brutowinst ontbreekt;brutowinst ontbreekt,nee,259.0,nee
AIQ.L,AIQ Limited,Technology,UK,GBP,2021=;2022=0.5;2023=0.2;2024=0.3;2025=0.0,2021=;2022=0.1;2023=0.1;2024=0.2;2025=0.0,2022-2024,2022->2023,2.4,omlaag,0.1->0.1,brutowinst volgt niet,ja,-21.7,nee
AIRE.L,Alternative Income REIT Ord,Unknown,UK,GBP,2022=14.0;2023=-4.4;2024=3.2,2022=;2023=;2024=,2022-2024,2022->2024,4.4,omlaag,->,brutowinst ontbreekt,nee,-52.4,nee
AJA-B.ST,Byggmästare Anders J Ahlström Holding AB (publ),Communication Services,SE,SEK,2021=;2022=1012.7;2023=985.6;2024=0.0;2025=0.0,2021=;2022=;2023=;2024=;2025=,2022-2024,2023->2024,70402.9,omlaag,->,brutowinst ontbreekt,nee,-99.6,nee
ALG.WA,All in! Games S.A.,Communication Services,PL,PLN,2022=14.3;2023=4.0;2024=2.4;2025=0.8,2022=3.2;2023=3.4;2024=2.3;2025=0.8,2022-2025,2022->2023,3.6,omlaag,3.2->3.4,brutowinst volgt niet,nee,-61.1,nee
ALLFG.AS,Allfunds Group plc,Financial Services,NL,EUR,2021=;2022=2742.0;2023=568.6;2024=658.5;2025=650.7,2021=;2022=427.2;2023=449.8;2024=522.2;2025=515.8,2022-2025,2022->2023,4.8,omlaag,427.2->449.8,brutowinst volgt niet,nee,-38.1,nee
ALW.L,Alliance Witan Ord,Unknown,UK,GBP,2021=;2022=-229.1;2023=609.2;2024=507.2;2025=241.9,2021=;2022=;2023=;2024=;2025=,2023-2025,2024->2025,2.1,omlaag,->,brutowinst ontbreekt,nee,-37.0,nee
AMGO.L,Amigo Resources PLC,Basic Materials,UK,GBP,2022=89.6;2023=20.8;2024=10.0,2022=62.3;2023=1.4;2024=-0.5,2022-2024,2023->2024,2.1,omlaag,1.4->-0.5,brutowinst negatief,nee,-66.6,nee
ANII.L,Aberdeen New India Investment Trust,Unknown,UK,GBP,2023=-34.6;2024=105.8;2025=45.9;2026=-88.9,2023=;2024=;2025=;2026=,2024-2025,2024->2025,2.3,omlaag,->,brutowinst ontbreekt,nee,-56.6,nee
AREC.L,Arecor Therapeutics plc,Healthcare,UK,GBP,2021=;2022=2.4;2023=4.6;2024=1.6;2025=1.7,2021=1.2;2022=;2023=1.3;2024=0.9;2025=1.3,2022-2025,2023->2024,2.8,omlaag,1.3->0.9,brutowinst volgt niet,nee,-10.7,nee
ASRNL.AS,ASR Nederland N.V.,Financial Services,NL,EUR,2021=;2022=2048.0;2023=15380.0;2024=17947.0;2025=13109.0,2021=;2022=;2023=;2024=;2025=,2022-2025,2022->2023,7.5,omhoog,->,brutowinst ontbreekt,nee,85.7,nee
AST.L,Ascent Resources Plc,Energy,UK,GBP,2021=0.0;2022=0.6;2023=1.4;2024=0.0,2021=-0.3;2022=-0.1;2023=0.8;2024=-0.0,2022-2023,2022->2023,2.4,omhoog,-0.1->0.8,brutowinst negatief,nee,143.0,nee
ATC.L,ATC Music Group plc,Communication Services,UK,GBP,2021=;2022=8.4;2023=24.1;2024=50.9;2025=67.4,2021=;2022=5.6;2023=7.9;2024=15.4;2025=19.3,2022-2025,2022->2023,2.9,omhoog,5.6->7.9,brutowinst volgt niet,nee,100.5,nee
ATORX.ST,Alligator Bioscience AB (publ),Healthcare,SE,SEK,2021=;2022=35.7;2023=58.1;2024=57.8;2025=0.5,2021=;2022=;2023=;2024=;2025=,2022-2025,2024->2025,112.4,omlaag,->,brutowinst ontbreekt,nee,-75.7,nee
AUSC.L,Aberdeen UK Smaller Cos Growth Trust plc,Unknown,UK,GBP,2022=-191.4;2023=-37.3;2024=57.5;2025=18.0,2022=;2023=;2024=;2025=,2024-2025,2024->2025,3.2,omlaag,->,brutowinst ontbreekt,nee,-68.8,nee
AVTX,"Avalo Therapeutics, Inc.",Healthcare,US,USD,2021=;2022=18.1;2023=1.9;2024=0.4;2025=0.1,2021=;2022=14.6;2023=0.6;2024=0.8;2025=0.1,2022-2025,2023->2024,4.4,omlaag,0.6->0.8,brutowinst volgt niet,nee,-85.2,nee
AWEM.L,Ashoka WhiteOak Emerging Markets Ord,Unknown,UK,GBP,2024=5.3;2025=5.2;2026=12.5,2024=;2025=;2026=,2024-2026,2025->2026,2.4,omhoog,->,brutowinst ontbreekt,nee,53.4,nee
AWM.WA,Airway Medix S.A.,Healthcare,PL,PLN,2021=;2022=0.1;2023=0.0;2024=0.0;2025=0.0,2021=;2022=0.1;2023=0.0;2024=-0.0;2025=-0.0,2022-2025,2024->2025,3.0,omlaag,-0.0->-0.0,brutowinst negatief,ja,-65.2,nee
B.MI,Bastogi S.p.A.,Industrials,IT,EUR,2022=192.1;2023=50.7;2024=57.9;2025=60.4,2022=92.3;2023=48.7;2024=53.5;2025=57.2,2022-2025,2022->2023,3.8,omlaag,92.3->48.7,brutowinst volgt niet,nee,-32.0,nee
BASC.L,Brown Advisory US Smaller Companies Ord,Unknown,UK,GBP,2022=-24.5;2023=15.5;2024=5.3;2025=-6.0,2022=;2023=;2024=;2025=,2023-2024,2023->2024,2.9,omlaag,->,brutowinst ontbreekt,nee,-65.9,nee
BBOX.L,Tritax Big Box Ord,Unknown,UK,GBP,2021=;2022=-581.1;2023=115.9;2024=546.4;2025=521.3,2021=;2022=;2023=;2024=;2025=,2023-2025,2023->2024,4.7,omhoog,->,brutowinst ontbreekt,nee,112.1,nee
BBZA.DE,BB Biotech AG,Healthcare,DE,EUR,2022=-376.7;2023=-214.0;2024=88.3;2025=629.5,2022=;2023=;2024=;2025=,2024-2025,2024->2025,7.1,omhoog,->,brutowinst ontbreekt,nee,613.1,nee
BEMO.L,Barings Emerging EMEA Opportunities Ord,Unknown,UK,GBP,2021=;2022=-31.4;2023=0.9;2024=13.3;2025=23.9,2021=;2022=;2023=;2024=;2025=,2023-2025,2023->2024,14.2,omhoog,->,brutowinst ontbreekt,nee,403.3,nee
BERI.L,BlackRock Energy and Resources Income,Unknown,UK,GBP,2021=;2022=58.2;2023=-22.4;2024=22.8;2025=34.2,2021=;2022=;2023=;2024=;2025=,2022-2025,2022->2024,2.5,omlaag,->,brutowinst ontbreekt,nee,-16.2,nee
BESQAB.ST,Besqab AB (publ),Real Estate,SE,SEK,2021=;2022=41.1;2023=1487.7;2024=3375.7;2025=836.4,2021=;2022=41.1;2023=248.7;2024=182.6;2025=104.5,2022-2025,2023->2024;2024->2025,2.3;4.0,omhoog;omlaag,248.7->182.6;182.6->104.5,brutowinst volgt niet;brutowinst volgt niet,nee,172.9,nee
BEZ.L,Beazley plc,Financial Services,UK,GBP,2021=;2022=37.6;2023=490.2;2024=742.5;2025=775.3,2021=;2022=;2023=;2024=;2025=,2022-2025,2022->2023,13.0,omhoog,->,brutowinst ontbreekt,nee,174.2,nee
BFSP.L,Blackfinch Spring VCT PLC,Financial Services,UK,GBP,2021=0.4;2022=0.0;2023=3.2;2024=3.6;2025=,2021=;2022=;2023=;2024=;2025=,2021-2024,2021->2022;2022->2023,35.2;292.4,omlaag;omhoog,->;->,brutowinst ontbreekt;brutowinst ontbreekt,ja,109.6,nee
BGEU.L,Baillie Gifford European Growth Ord,Unknown,UK,GBP,2022=-241.5;2023=21.6;2024=47.4;2025=17.4,2022=;2023=;2024=;2025=,2023-2025,2023->2024;2024->2025,2.2;2.7,omhoog;omlaag,->;->,brutowinst ontbreekt;brutowinst ontbreekt,nee,-10.4,nee
BGUK.L,Baillie Gifford UK Growth Trust Ord,Unknown,UK,GBP,2023=2.8;2024=1.0;2025=17.5;2026=35.4,2023=;2024=;2025=;2026=,2023-2026,2023->2024;2024->2025;2025->2026,2.9;18.3;2.0,omlaag;omhoog;omhoog,->;->;->,brutowinst ontbreekt;brutowinst ontbreekt;brutowinst ontbreekt,nee,133.6,nee
BINV.ST,BioInvent International AB (publ),Healthcare,SE,SEK,2022=326.1;2023=71.5;2024=44.7;2025=226.5,2022=;2023=;2024=;2025=,2022-2025,2022->2023;2024->2025,4.6;5.1,omlaag;omhoog,->;->,brutowinst ontbreekt;brutowinst ontbreekt,nee,-11.4,nee
BMD.L,Baronsmead Second Venture Trust Ord,Unknown,UK,GBP,2021=;2022=-49.3;2023=-6.2;2024=13.8;2025=3.3,2021=;2022=;2023=;2024=;2025=,2024-2025,2024->2025,4.2,omlaag,->,brutowinst ontbreekt,nee,-76.1,nee
BNKR.L,Bankers Ord,Unknown,UK,GBP,2022=-174.7;2023=68.6;2024=234.5;2025=221.5,2022=;2023=;2024=;2025=,2023-2025,2023->2024,3.4,omhoog,->,brutowinst ontbreekt,nee,79.7,nee
BPM.L,B.P. Marsh & Partners PLC,Financial Services,UK,GBP,2022=;2023=32.4;2024=51.5;2025=118.4;2026=63.8,2022=;2023=;2024=;2025=;2026=,2023-2026,2024->2025,2.3,omhoog,->,brutowinst ontbreekt,nee,25.3,nee
BREB.BR,Brederode SA,Financial Services,BE,EUR,2021=;2022=-73.3;2023=233.7;2024=413.3;2025=124.4,2021=;2022=;2023=;2024=;2025=,2023-2025,2024->2025,3.3,omlaag,->,brutowinst ontbreekt,nee,-27.0,nee
BRIG.L,BlackRock Income and Growth Ord,Unknown,UK,GBP,2022=-0.7;2023=2.5;2024=7.1;2025=6.2,2022=;2023=;2024=;2025=,2023-2025,2023->2024,2.9,omhoog,->,brutowinst ontbreekt,nee,58.1,nee
BRLA.L,BlackRock Latin American Ord,Unknown,UK,GBP,2022=10.9;2023=40.3;2024=-47.1;2025=46.2,2022=;2023=;2024=;2025=,2022-2025,2022->2023,3.7,omhoog,->,brutowinst ontbreekt,nee,61.8,nee
BRWM.L,BlackRock World Mining Trust Ord,Unknown,UK,GBP,2022=206.8;2023=-75.0;2024=-115.1;2025=693.8,2022=;2023=;2024=;2025=,2022-2025,2022->2025,3.4,omhoog,->,brutowinst ontbreekt,nee,49.7,nee
BSC.L,British Smaller Companies VCT2 Ord,Unknown,UK,GBP,2021=;2022=6.5;2023=7.4;2024=3.4;2025=5.2,2021=;2022=;2023=;2024=;2025=,2022-2025,2023->2024,2.2,omlaag,->,brutowinst ontbreekt,nee,-7.2,nee
BSV.L,British Smaller Companies VCT Ord,Unknown,UK,GBP,2024=3.4;2025=7.6;2026=1.9,2024=;2025=;2026=,2024-2026,2024->2025;2025->2026,2.3;3.9,omhoog;omlaag,->;->,brutowinst ontbreekt;brutowinst ontbreekt,nee,-24.0,nee
BUR.L,Burford Capital Limited,Financial Services,UK,GBP,2021=;2022=143.3;2023=625.6;2024=249.9;2025=142.0,2021=;2022=;2023=;2024=;2025=,2022-2025,2022->2023;2023->2024,4.4;2.5,omhoog;omlaag,->;->,brutowinst ontbreekt;brutowinst ontbreekt,nee,-0.3,nee
BUT.L,Brunner Ord,Unknown,UK,GBP,2022=5.6;2023=42.7;2024=98.3;2025=57.5,2022=;2023=;2024=;2025=,2022-2025,2022->2023;2023->2024,7.6;2.3,omhoog;omhoog,->;->,brutowinst ontbreekt;brutowinst ontbreekt,nee,117.7,nee
BVT.L,Baronsmead Venture Trust Ord,Unknown,UK,GBP,2021=;2022=-43.5;2023=-4.5;2024=14.0;2025=3.9,2021=;2022=;2023=;2024=;2025=,2024-2025,2024->2025,3.6,omlaag,->,brutowinst ontbreekt,nee,-72.0,nee
CBDG.PA,Compagnie du Cambodge,Financial Services,FR,EUR,2021=;2022=0.2;2023=0.2;2024=31.3;2025=137.1,2021=;2022=-0.9;2023=-1.2;2024=-3.3;2025=-14.2,2022-2025,2023->2024;2024->2025,156.5;4.4,omhoog;omhoog,-1.2->-3.3;-3.3->-14.2,brutowinst negatief;brutowinst negatief,nee,781.7,nee
CCAP.DE,CORESTATE Capital Holding S.A.,Real Estate,DE,EUR,2021=217.8;2022=73.5;2023=40.8,2021=65.2;2022=-113.6;2023=-13.6,2021-2023,2021->2022,3.0,omlaag,65.2->-113.6,brutowinst negatief,nee,-56.7,nee
CCE.WA,Clean&Carbon Energy S.A.,Energy,PL,PLN,2021=;2022=0.1;2023=0.0;2024=2.4;2025=0.2,2021=;2022=0.1;2023=-0.0;2024=0.5;2025=0.2,2022-2025,2024->2025,13.9,omlaag,0.5->0.2,brutowinst volgt niet,nee,5.7,nee
CGEO.L,Georgia Capital PLC,Financial Services,UK,GBP,2021=;2022=-1.4;2023=172.6;2024=103.2;2025=533.0,2021=;2022=;2023=;2024=;2025=,2023-2025,2024->2025,5.2,omhoog,->,brutowinst ontbreekt,nee,75.7,nee
CGT.L,Capital Gearing Ord,Unknown,UK,GBP,2022=;2023=-48.7;2024=18.0;2025=37.5;2026=46.9,2022=;2023=;2024=;2025=;2026=,2024-2026,2024->2025,2.1,omhoog,->,brutowinst ontbreekt,nee,61.3,nee
CIC.L,The Conygar Investment Company PLC,Real Estate,UK,GBP,2022=7.1;2023=14.0;2024=5.9;2025=21.9,2022=2.1;2023=-5.1;2024=-0.4;2025=8.6,2022-2025,2023->2024;2024->2025,2.4;3.7,omlaag;omhoog,-5.1->-0.4;-0.4->8.6,brutowinst negatief;brutowinst negatief,nee,45.8,nee
CLC.L,Calculus VCT Ord,Unknown,UK,GBP,2022=2.2;2023=1.0;2025=1.6,2022=;2023=;2025=,2022-2025,2022->2023,2.3,omlaag,->,brutowinst ontbreekt,nee,-10.0,nee
CLDN.L,Caledonia Investments Ord,Unknown,UK,GBP,2022=;2023=180.0;2024=233.8;2025=104.1;2026=160.5,2022=;2023=;2024=;2025=;2026=,2023-2026,2024->2025,2.2,omlaag,->,brutowinst ontbreekt,nee,-3.7,nee
CMPG.L,CT Global Managed Portfolio Growth Ord,Unknown,UK,GBP,2022=-12.6;2023=-9.9;2024=15.1;2025=5.3;2026=37.3,2022=;2023=;2024=;2025=;2026=,2024-2026,2024->2025;2025->2026,2.8;7.0,omlaag;omhoog,->;->,brutowinst ontbreekt;brutowinst ontbreekt,nee,57.3,nee
CMPI.L,CT Global Managed Portfolio Income Ord,Unknown,UK,GBP,2022=-12.6;2023=-9.9;2024=15.1;2025=5.3;2026=37.3,2022=;2023=;2024=;2025=;2026=,2024-2026,2024->2025;2025->2026,2.8;7.0,omlaag;omhoog,->;->,brutowinst ontbreekt;brutowinst ontbreekt,nee,57.3,nee
CORO.L,Coro Energy plc,Energy,UK,GBP,2021=;2022=0.0;2023=0.2;2024=0.2;2025=0.5,2021=;2022=0.0;2023=0.0;2024=0.2;2025=0.3,2022-2025,2022->2023,4.6,omhoog,0.0->0.0,brutowinst volgt niet,ja,132.9,nee
COUR.PA,Courtois S.A.,Real Estate,FR,EUR,2021=;2022=9.1;2023=1.4;2024=0.9;2025=2.6,2021=;2022=2.3;2023=1.1;2024=0.9;2025=0.6,2022-2025,2022->2023;2024->2025,6.4;2.7,omlaag;omhoog,2.3->1.1;0.9->0.6,brutowinst volgt niet;brutowinst volgt niet,nee,-34.4,nee
CPA.WA,Capital Partners SA,Financial Services,PL,PLN,2021=5.3;2022=6.4;2023=0.4;2024=0.0;2025=,2021=3.7;2022=5.8;2023=-0.2;2024=-0.5;2025=,2021-2023,2022->2023,15.9,omlaag,5.8->-0.2,brutowinst negatief,nee,-72.6,nee
CPR.WA,Compremum S.A.,Industrials,PL,PLN,2021=;2022=190.5;2023=313.8;2024=104.4;2025=60.5,2021=;2022=58.3;2023=58.6;2024=-14.5;2025=-42.9,2022-2025,2023->2024,3.0,omlaag,58.6->-14.5,brutowinst negatief,nee,-31.8,nee
CRED-A.ST,Creades AB,Financial Services,SE,SEK,2021=;2022=-4199.0;2023=538.0;2024=1275.0;2025=1270.0,2021=;2022=;2023=;2024=;2025=,2023-2025,2023->2024,2.4,omhoog,->,brutowinst ontbreekt,nee,53.6,nee
CREI.L,Custodian Property Income REIT Ord,Unknown,UK,GBP,2022=;2023=-56.0;2024=9.7;2025=49.7;2026=61.6,2022=;2023=;2024=;2025=;2026=,2024-2026,2024->2025,5.1,omhoog,->,brutowinst ontbreekt,nee,151.6,nee
CRNA.OL,Circio Holding ASA,Healthcare,NO,NOK,2022=10.0;2023=0.1;2024=0.0;2025=0.0,2022=;2023=;2024=;2025=,2022-2023,2022->2023,81.3,omlaag,->,brutowinst ontbreekt,nee,-98.8,nee
CRS.L,Crystal Amber Fund Limited,Financial Services,UK,GBP,2022=9.9;2023=-4.8;2024=58.0;2025=,2022=;2023=;2024=;2025=,2022-2024,2022->2024,5.8,omhoog,->,brutowinst ontbreekt,nee,141.7,nee
CTPE.L,CT Private Equity Trust Ord,Unknown,UK,GBP,2022=67.4;2023=14.8;2024=20.9;2025=24.4,2022=;2023=;2024=;2025=,2022-2025,2022->2023,4.5,omlaag,->,brutowinst ontbreekt,nee,-28.8,nee
CTUK.L,CT UK Capital and Income Ord,Unknown,UK,GBP,2022=-44.5;2023=39.2;2024=56.5;2025=19.9,2022=;2023=;2024=;2025=,2023-2025,2024->2025,2.8,omlaag,->,brutowinst ontbreekt,nee,-28.7,nee
CTY.L,City of London Ord,Unknown,UK,GBP,2022=101.4;2023=63.8;2024=299.1;2025=344.2;2026=515.7,2022=;2023=;2024=;2025=;2026=,2023-2026,2023->2024,4.7,omhoog,->,brutowinst ontbreekt,nee,100.7,nee
CVCE.L,CVC Income & Growth Limited,Financial Services,UK,EUR,2021=;2022=-18.4;2023=52.0;2024=43.7;2025=18.7,2021=;2022=;2023=;2024=;2025=,2023-2025,2024->2025,2.3,omlaag,->,brutowinst ontbreekt,nee,-40.0,nee
CVCG.L,CVC Income & Growth Limited,Financial Services,UK,GBP,2021=;2022=-18.4;2023=52.0;2024=43.7;2025=18.7,2021=;2022=;2023=;2024=;2025=,2023-2025,2024->2025,2.3,omlaag,->,brutowinst ontbreekt,nee,-40.0,nee
CYN.L,City Natural Resources Grow & Inc PLC,Unknown,UK,GBP,2022=24.3;2023=6.4;2024=10.6,2022=;2023=;2024=,2022-2024,2022->2023,3.8,omlaag,->,brutowinst ontbreekt,nee,-34.0,nee
DFTK.DE,DF Deutsche Forfait AG,Financial Services,DE,EUR,2021=;2022=11.1;2023=29.5;2024=10.5;2025=11.9,2021=;2022=10.6;2023=8.4;2024=9.5;2025=10.2,2022-2025,2022->2023;2023->2024,2.7;2.8,omhoog;omlaag,10.6->8.4;8.4->9.5,brutowinst volgt niet;brutowinst volgt niet,nee,2.2,nee
DGA.WA,DGA Spólka Akcyjna,Industrials,PL,PLN,2021=;2022=10.0;2023=9.8;2024=2.3;2025=6.6,2021=;2022=1.0;2023=0.3;2024=-1.7;2025=-1.1,2022-2025,2023->2024;2024->2025,4.2;2.8,omlaag;omhoog,0.3->-1.7;-1.7->-1.1,brutowinst negatief;brutowinst negatief,nee,-12.9,nee
DIG.L,Dunedin Income Growth Ord,Unknown,UK,GBP,2022=36.4;2023=4.2;2024=24.3;2025=35.3,2022=;2023=;2024=;2025=,2022-2025,2022->2023;2023->2024,8.6;5.8,omlaag;omhoog,->;->,brutowinst ontbreekt;brutowinst ontbreekt,nee,-1.0,nee
DUKE.L,Duke Capital Limited,Financial Services,UK,GBP,2023=27.1;2024=19.0;2025=6.4;2026=17.4,2023=;2024=;2025=;2026=,2023-2026,2024->2025;2025->2026,3.0;2.7,omlaag;omhoog,->;->,brutowinst ontbreekt;brutowinst ontbreekt,nee,-13.8,nee
DVNO.L,Develop North Ord,Unknown,UK,GBP,2022=1.0;2023=0.7;2024=1.5;2025=1.3,2022=;2023=;2024=;2025=,2022-2025,2023->2024,2.1,omhoog,->,brutowinst ontbreekt,nee,8.0,nee
EARTH.AS,Green Earth Group N.V.,Basic Materials,NL,EUR,2021=;2022=1.1;2023=0.0;2024=0.1;2025=0.3,2021=;2022=0.4;2023=0.1;2024=-0.1;2025=0.1,2022-2025,2022->2023;2023->2024;2024->2025,26.4;2.0;3.0,omlaag;omhoog;omhoog,0.4->0.1;0.1->-0.1;-0.1->0.1,brutowinst volgt niet;brutowinst negatief;brutowinst negatief,ja,-38.3,nee
EAST.ST,Eastnine AB (publ),Real Estate,SE,SEK,2021=;2022=1327.1;2023=-792.9;2024=191.5;2025=658.6,2021=;2022=;2023=;2024=;2025=,2022-2025,2022->2024;2024->2025,6.9;3.4,omlaag;omhoog,->;->,brutowinst ontbreekt;brutowinst ontbreekt,nee,-20.8,nee
EBUS.AS,Ebusco Holding N.V.,Consumer Cyclical,NL,EUR,2022=111.6;2023=102.4;2024=10.7;2025=76.6,2022=15.6;2023=-6.8;2024=-34.6;2025=8.0,2022-2025,2023->2024;2024->2025,9.6;7.2,omlaag;omhoog,-6.8->-34.6;-34.6->8.0,brutowinst negatief;brutowinst negatief,nee,-11.8,nee
ECT.AS,Eurocastle Investment Limited,Financial Services,NL,EUR,2021=;2022=0.4;2023=0.4;2024=1.1;2025=0.2,2021=;2022=;2023=;2024=;2025=,2022-2025,2023->2024;2024->2025,2.9;4.7,omhoog;omlaag,->;->,brutowinst ontbreekt;brutowinst ontbreekt,nee,-13.7,nee
ECX.F,Epigenomics AG,Healthcare,DE,EUR,2021=;2022=0.9;2023=0.3;2024=0.0;2025=0.0,2021=6.1;2022=0.4;2023=0.3;2024=0.0;2025=,2022-2025,2022->2023;2023->2025,2.6;14.1,omlaag;omlaag,0.4->0.3;0.3->,brutowinst volgt niet;brutowinst ontbreekt,ja,-70.1,nee
EDIN.L,Edinburgh Investment Ord,Unknown,UK,GBP,2022=;2023=44.3;2024=133.2;2025=86.8;2026=79.4,2022=;2023=;2024=;2025=;2026=,2023-2026,2023->2024,3.0,omhoog,->,brutowinst ontbreekt,nee,21.5,nee
EEM.PA,Electricité et Eaux de Madagascar Société Anonyme,Financial Services,FR,EUR,2021=;2022=0.2;2023=0.6;2024=0.3;2025=0.0,2021=;2022=-0.3;2023=-0.3;2024=-0.2;2025=-0.5,2022-2024,2022->2023,3.6,omhoog,-0.3->-0.3,brutowinst negatief,ja,36.0,nee
EGL.L,Ecofin Global Utilities & Infra Ord,Unknown,UK,GBP,2022=20.5;2023=-17.8;2024=52.6;2025=35.7,2022=;2023=;2024=;2025=,2022-2025,2022->2024,2.6,omhoog,->,brutowinst ontbreekt,nee,20.3,nee
EGR.PA,Transition Evergreen SA,Financial Services,FR,EUR,2021=;2022=0.0;2023=0.0;2024=1.7;2025=0.0,2021=;2022=-0.1;2023=-0.1;2024=1.6;2025=-0.1,2022-2024,2022->2023;2023->2024,3.2;49.5,omhoog;omhoog,-0.1->-0.1;-0.1->1.6,brutowinst negatief;brutowinst negatief,ja,1155.5,nee
ENRG.L,VH Global Energy Infrastructure Ord,Unknown,UK,GBP,2022=29.1;2023=57.5;2024=-35.6;2025=16.3,2022=;2023=;2024=;2025=,2022-2025,2023->2025,3.5,omlaag,->,brutowinst ontbreekt,nee,-17.6,nee
ENSU.OL,Ensurge Micropower ASA,Technology,NO,NOK,2021=;2022=0.0;2023=1.3;2024=0.6;2025=0.2,2021=;2022=;2023=;2024=;2025=,2023-2025,2023->2024;2024->2025,2.3;2.4,omlaag;omlaag,->;->,brutowinst ontbreekt;brutowinst ontbreekt,ja,-57.4,nee
EQU.WA,Equnico SE,Industrials,PL,PLN,2021=279.5;2022=291.8;2023=41.6;2024=101.1;2025=98.5,2021=;2022=40.6;2023=18.6;2024=48.0;2025=49.8,2022-2025,2022->2023,7.0,omlaag,40.6->18.6,brutowinst volgt niet,nee,-30.4,nee
ESO.L,EPE Special Opportunities Limited,Financial Services,UK,GBP,2022=;2023=-41.5;2024=1.6;2025=1.9;2026=8.0,2022=;2023=;2024=;2025=;2026=,2024-2026,2025->2026,4.3,omhoog,->,brutowinst ontbreekt,nee,127.4,nee
ESOZ.L,EPE Special Opportunities Limited,Financial Services,UK,GBP,2022=;2023=-41.5;2024=1.6;2025=1.9;2026=8.0,2022=;2023=;2024=;2025=;2026=,2024-2026,2025->2026,4.3,omhoog,->,brutowinst ontbreekt,nee,127.4,nee
EUC.WA,Europejskie Centrum Odszkodowan S.A.,Financial Services,PL,PLN,2021=45.1;2022=1.4;2023=20.3;2024=13.3,2021=2.4;2022=-12.6;2023=2.6;2024=-1.0,2021-2024,2021->2022;2022->2023,33.1;14.9,omlaag;omhoog,2.4->-12.6;-12.6->2.6,brutowinst negatief;brutowinst negatief,nee,-33.4,nee
EXO.AS,Exor N.V.,Financial Services,NL,EUR,2021=;2022=41845.0;2023=48667.0;2024=15313.0;2025=-3591.0,2021=7638.0;2022=9506.0;2023=11308.0;2024=0.0;2025=,2022-2024,2023->2024,3.2,omlaag,11308.0->0.0,brutowinst ontbreekt,nee,-39.5,nee
FAB.L,Fusion Antibodies plc,Healthcare,UK,GBP,2022=4.8;2023=2.9;2024=1.1;2025=2.0;2026=2.1,2022=2.5;2023=0.6;2024=-0.0;2025=0.4;2026=1.2,2023-2026,2023->2024,2.6,omlaag,0.6->-0.0,brutowinst negatief,nee,-10.1,nee
FAS.L,Fidelity Asian Values Ord,Unknown,UK,GBP,2022=16.6;2023=44.9;2024=17.3;2025=,2022=;2023=;2024=;2025=,2022-2024,2022->2023;2023->2024,2.7;2.6,omhoog;omlaag,->;->,brutowinst ontbreekt;brutowinst ontbreekt,nee,2.2,nee
FCSS.L,Fidelity China Special Situations Ord,Unknown,UK,GBP,2022=;2023=25.8;2024=-211.4;2025=339.9;2026=146.5,2022=;2023=;2024=;2025=;2026=,2023-2026,2023->2025;2025->2026,13.2;2.3,omhoog;omlaag,->;->,brutowinst ontbreekt;brutowinst ontbreekt,nee,78.4,nee
FEML.L,Fidelity Emerging Markets Limited,Financial Services,UK,GBP,2022=-358.0;2023=17.2;2024=97.4,2022=;2023=;2024=,2023-2024,2023->2024,5.7,omhoog,->,brutowinst ontbreekt,nee,467.8,nee
FEV.L,Fidelity European Trust Ord,Unknown,UK,GBP,2021=;2022=-53.4;2023=245.2;2024=18.8;2025=276.6,2021=;2022=;2023=;2024=;2025=,2023-2025,2023->2024;2024->2025,13.1;14.7,omlaag;omhoog,->;->,brutowinst ontbreekt;brutowinst ontbreekt,nee,6.2,nee
FGEN.L,Foresight Environmental Infrastructure Limited,Financial Services,UK,GBP,2023=100.0;2024=-12.3;2025=-1.2;2026=39.0,2023=;2024=;2025=;2026=,2023-2026,2023->2026,2.6,omlaag,->,brutowinst ontbreekt,nee,-26.9,nee
FIPP.PA,FIPP S.A.,Real Estate,FR,EUR,2021=;2022=1.8;2023=1.8;2024=2.3;2025=0.8,2021=;2022=-1.0;2023=-0.9;2024=-0.8;2025=-2.8,2022-2025,2024->2025,2.9,omlaag,-0.8->-2.8,brutowinst negatief,nee,-24.6,nee
FLAT-B.ST,Flat Capital AB (publ),Financial Services,SE,SEK,2021=;2022=24.2;2023=-6.2;2024=1.3;2025=0.1,2021=;2022=23.0;2023=-9.1;2024=-1.8;2025=-3.8,2022-2025,2022->2024;2024->2025,18.4;11.2,omlaag;omlaag,23.0->-1.8;-1.8->-3.8,brutowinst negatief;brutowinst negatief,nee,-83.1,nee
FMONC.PA,Financière Moncey Société anonyme,Financial Services,FR,EUR,2021=;2022=0.0;2023=0.2;2024=1.7;2025=2.2,2021=;2022=-0.4;2023=-0.4;2024=1.1;2025=1.3,2022-2025,2022->2023;2023->2024,11.9;10.1,omhoog;omhoog,-0.4->-0.4;-0.4->1.1,brutowinst negatief;brutowinst negatief,ja,437.3,nee
FSFL.L,Foresight Solar Fund Limited,Financial Services,UK,GBP,2021=;2022=155.6;2023=-8.0;2024=4.8;2025=-30.6,2021=;2022=;2023=;2024=;2025=,2022-2024,2022->2024,32.6,omlaag,->,brutowinst ontbreekt,nee,-82.5,nee
FSV.L,Fidelity Special Values Ord,Unknown,UK,GBP,2022=-42.4;2023=55.9;2024=225.1;2025=159.6,2022=;2023=;2024=;2025=,2023-2025,2023->2024,4.0,omhoog,->,brutowinst ontbreekt,nee,68.9,nee
FTF.L,Foresight Enterprise VCT Ord,Unknown,UK,GBP,2021=;2022=6.9;2023=9.8;2024=12.2;2025=4.4,2021=;2022=;2023=;2024=;2025=,2022-2025,2024->2025,2.8,omlaag,->,brutowinst ontbreekt,nee,-13.9,nee
FTV.L,Foresight VCT Ord,Unknown,UK,GBP,2022=13.4;2023=17.3;2024=20.8;2025=0.7,2022=;2023=;2024=;2025=,2022-2025,2024->2025,31.0,omlaag,->,brutowinst ontbreekt,nee,-63.1,nee
FWT.L,Foresight Technology VCT,Unknown,UK,GBP,2022=;2023=12.7;2024=-0.7;2025=-2.6;2026=0.1,2022=;2023=;2024=;2025=;2026=,2023-2026,2023->2026,197.8,omlaag,->,brutowinst ontbreekt,nee,-82.8,nee
G.MI,Assicurazioni Generali S.p.A.,Financial Services,IT,EUR,2021=;2022=33057.0;2023=66939.0;2024=58527.0;2025=74133.0,2021=;2022=;2023=;2024=;2025=,2022-2025,2022->2023,2.0,omhoog,->,brutowinst ontbreekt,nee,30.9,nee
GABI.L,GCP Asset Backed Income Fund Limited,Financial Services,UK,GBP,2021=;2022=10.2;2023=20.5;2024=-7.0;2025=0.6,2021=;2022=;2023=;2024=;2025=,2022-2025,2022->2023;2023->2025,2.0;31.8,omhoog;omlaag,->;->,brutowinst ontbreekt;brutowinst ontbreekt,nee,-60.2,nee
GABR.CO,Gabriel Holding A/S,Consumer Cyclical,DK,DKK,2021=;2022=1065.0;2023=454.5;2024=483.5;2025=516.0,2021=;2022=346.5;2023=258.8;2024=250.1;2025=284.0,2022-2025,2022->2023,2.3,omlaag,346.5->258.8,brutowinst volgt niet,nee,-21.5,nee
GANA.L,Gana Media Group PLC,Communication Services,UK,GBP,2022=1.0;2023=1.8;2024=0.4;2025=1.4,2022=0.5;2023=0.0;2024=0.4;2025=1.3,2022-2025,2023->2024,4.2,omlaag,0.0->0.4,brutowinst volgt niet,nee,11.4,nee
GCL.L,Geiger Counter Limited,Financial Services,UK,GBP,2021=;2022=1.8;2023=23.5;2024=-10.8;2025=18.5,2021=;2022=;2023=;2024=;2025=,2022-2025,2022->2023,13.3,omhoog,->,brutowinst ontbreekt,nee,118.5,nee
GCP.L,GCP Infrastructure Investments Limited,Financial Services,UK,GBP,2022=144.1;2023=33.5;2024=22.3;2025=21.4,2022=;2023=;2024=;2025=,2022-2025,2022->2023,4.3,omlaag,->,brutowinst ontbreekt,nee,-47.1,nee
GHV1.L,Gresham House Income & Growth VCT Ord,Unknown,UK,GBP,2021=;2022=-10.7;2023=6.1;2024=1.7;2025=3.9,2021=;2022=;2023=;2024=;2025=,2023-2025,2023->2024;2024->2025,3.7;2.3,omlaag;omhoog,->;->,brutowinst ontbreekt;brutowinst ontbreekt,nee,-20.4,nee
GHV2.L,Gresham House Income & Growth 2 VCT Ord,Unknown,UK,GBP,2021=36.0;2022=-18.2;2023=6.9;2025=4.4,2021=;2022=;2023=;2025=,2021-2025,2021->2023,5.2,omlaag,->,brutowinst ontbreekt,nee,-41.0,nee
GMT.WA,Genomtec S.A.,Healthcare,PL,PLN,2021=;2022=0.0;2023=0.0;2024=0.0;2025=0.0,2021=;2022=-3.2;2023=-0.8;2024=-4.3;2025=-8.0,2022-2025,2022->2023;2024->2025,40.0;21.0,omlaag;omhoog,-3.2->-0.8;-4.3->-8.0,brutowinst negatief;brutowinst negatief,ja,-19.3,nee
GNS.WA,Grupa Niewiadów - PGM S.A,Communication Services,PL,PLN,2021=;2022=0.1;2023=0.3;2024=76.6;2025=70.1,2021=;2022=0.1;2023=0.0;2024=30.2;2025=26.2,2022-2025,2022->2023,2.4,omhoog,0.1->0.0,brutowinst volgt niet,ja,694.5,nee
GOT.L,Global Opportunities Trust Ord,Unknown,UK,GBP,2021=;2022=15.3;2023=2.6;2024=5.1;2025=12.1,2021=;2022=;2023=;2024=;2025=,2022-2025,2022->2023;2024->2025,5.9;2.4,omlaag;omhoog,->;->,brutowinst ontbreekt;brutowinst ontbreekt,nee,-7.5,nee
GRE.MC,"Grenergy Renovables, S.A.",Industrials,ES,EUR,2021=;2022=110.6;2023=179.1;2024=531.6;2025=698.0,2021=;2022=71.5;2023=144.3;2024=192.0;2025=253.4,2022-2025,2023->2024,3.0,omhoog,144.3->192.0,brutowinst volgt niet,nee,84.8,nee
GRIT.L,GRIT Investment Trust PLC,Unknown,UK,GBP,2021=0.5;2022=0.1;2023=-0.0;2025=0.0,2021=;2022=;2023=;2025=,2021-2022,2021->2022,8.6,omlaag,->,brutowinst ontbreekt,ja,-88.3,nee
GSCT.L,The Global Smaller Companies Trust Ord,Unknown,UK,GBP,2023=-37.0;2024=70.5;2025=-39.5;2026=149.4,2023=;2024=;2025=;2026=,2024-2026,2024->2026,2.1,omhoog,->,brutowinst ontbreekt,nee,45.6,nee
GSF.L,Gore Street Energy Storage Fund Ord,Unknown,UK,GBP,2022=;2023=65.9;2024=-3.3;2025=8.3;2026=-116.8,2022=;2023=;2024=;2025=;2026=,2023-2025,2023->2025,8.0,omlaag,->,brutowinst ontbreekt,nee,-64.6,nee
GTN.WA,Getin Holding S.A.,Financial Services,PL,PLN,2021=303.6;2022=229.6;2023=3.7;2024=1.5,2021=;2022=;2023=;2024=,2021-2024,2022->2023;2023->2024,62.8;2.4,omlaag;omlaag,->;->,brutowinst ontbreekt;brutowinst ontbreekt,nee,-82.9,nee
GVCT.L,Guinness VCT Plc,Unknown,UK,GBP,2024=0.1;2025=0.3;2026=0.6,2024=;2025=;2026=,2024-2026,2024->2025;2025->2026,2.2;2.1,omhoog;omhoog,->;->,brutowinst ontbreekt;brutowinst ontbreekt,ja,113.4,nee
GWI.L,Globalworth Real Estate Investments Limited,Real Estate,UK,EUR,2022=17.3;2023=-26.9;2024=-35.8;2025=74.9,2022=;2023=;2024=;2025=,2022-2025,2022->2025,4.3,omhoog,->,brutowinst ontbreekt,nee,62.9,nee
HAN.L,Hansa Investment Company Limited,Financial Services,UK,GBP,2022=;2023=-10.5;2024=93.1;2025=12.2;2026=136.5,2022=;2023=;2024=;2025=;2026=,2024-2026,2024->2025;2025->2026,7.6;11.2,omlaag;omhoog,->;->,brutowinst ontbreekt;brutowinst ontbreekt,nee,21.1,nee
HANA.L,Hansa Investment Company Limited,Financial Services,UK,GBP,2022=;2023=-10.5;2024=93.1;2025=12.2;2026=136.5,2022=;2023=;2024=;2025=;2026=,2024-2026,2024->2025;2025->2026,7.6;11.2,omlaag;omhoog,->;->,brutowinst ontbreekt;brutowinst ontbreekt,nee,21.1,nee
HDF.PA,Hydrogène de France Société anonyme,Utilities,FR,EUR,2021=;2022=3.5;2023=3.9;2024=11.1;2025=1.0,2021=;2022=3.4;2023=3.9;2024=-0.8;2025=0.9,2022-2025,2023->2024;2024->2025,2.8;11.1,omhoog;omlaag,3.9->-0.8;-0.8->0.9,brutowinst negatief;brutowinst negatief,nee,-33.9,nee
HERMA.OL,Hermana Holding ASA,Financial Services,NO,NOK,2021=;2022=87.3;2023=10.3;2024=3.9;2025=1.2,2021=;2022=84.1;2023=10.3;2024=1.3;2025=-3.9,2022-2025,2024->2025,3.2,omlaag,1.3->-3.9,brutowinst negatief,nee,-76.0,nee
HFEL.L,Henderson Far East Income Limited,Financial Services,UK,GBP,2022=12.7;2023=-51.3;2024=43.8;2025=52.0,2022=;2023=;2024=;2025=,2022-2025,2022->2024,3.5,omhoog,->,brutowinst ontbreekt,nee,60.1,nee
HGT.L,HgCapital Trust Ord,Unknown,UK,GBP,2021=;2022=118.3;2023=246.6;2024=247.6;2025=109.3,2021=;2022=;2023=;2024=;2025=,2022-2025,2022->2023;2024->2025,2.1;2.3,omhoog;omlaag,->;->,brutowinst ontbreekt;brutowinst ontbreekt,nee,-2.6,nee
HHI.L,Henderson High Income Ord,Unknown,UK,GBP,2022=-10.4;2023=22.0;2024=26.7;2025=60.7,2022=;2023=;2024=;2025=,2023-2025,2024->2025,2.3,omhoog,->,brutowinst ontbreekt,nee,66.0,nee
HICL.L,HICL Infrastructure PLC Ord,Unknown,UK,GBP,2022=;2023=202.2;2024=35.1;2025=49.9;2026=277.4,2022=;2023=;2024=;2025=;2026=,2023-2026,2023->2024;2025->2026,5.8;5.6,omlaag;omhoog,->;->,brutowinst ontbreekt;brutowinst ontbreekt,nee,11.1,nee
HPOW.L,H-Power plc,Industrials,UK,GBP,2022=0.6;2023=0.2;2024=4.0;2025=0.1,2022=0.1;2023=-0.1;2024=-1.9;2025=-0.1,2022-2025,2022->2023;2023->2024;2024->2025,2.6;17.6;32.0,omlaag;omhoog;omlaag,0.1->-0.1;-0.1->-1.9;-1.9->-0.1,brutowinst negatief;brutowinst negatief;brutowinst negatief,ja,-40.1,nee
HRI.L,Herald Ord,Unknown,UK,GBP,2021=;2022=-404.0;2023=49.7;2024=135.9;2025=101.2,2021=;2022=;2023=;2024=;2025=,2023-2025,2023->2024,2.7,omhoog,->,brutowinst ontbreekt,nee,42.8,nee
HUW.L,Helios Underwriting plc,Financial Services,UK,GBP,2021=;2022=149.4;2023=214.7;2024=35.8;2025=34.3,2021=;2022=;2023=;2024=;2025=,2022-2025,2023->2024,6.0,omlaag,->,brutowinst ontbreekt,nee,-38.8,nee
HWK.AS,Hawick Data N.V.,Financial Services,NL,EUR,2021=;2022=5.1;2023=5.1;2024=0.6;2025=0.0,2021=3.6;2022=4.0;2023=3.9;2024=3.9;2025=,2022-2024,2023->2024,8.5,omlaag,3.9->3.9,brutowinst volgt niet,nee,-65.8,nee
IBT.L,International Biotechnology Ord,Unknown,UK,GBP,2022=-21.1;2023=8.5;2024=40.1;2025=-0.2,2022=;2023=;2024=;2025=,2023-2024,2023->2024,4.7,omhoog,->,brutowinst ontbreekt,nee,372.6,nee
ICFG.L,ICFG Limited,Financial Services,UK,GBP,2022=0.0;2024=57.6;2025=77.3,2022=;2024=32.8;2025=43.6,2022-2025,2022->2024,1850839.8,omhoog,->32.8,brutowinst ontbreekt,nee,13443.5,nee
ICGT.L,ICG Enterprise Trust Ord,Unknown,UK,GBP,2023=170.6;2024=26.8;2025=117.7;2026=3.0,2023=;2024=;2025=;2026=,2023-2026,2023->2024;2024->2025;2025->2026,6.4;4.4;39.5,omlaag;omhoog;omlaag,->;->;->,brutowinst ontbreekt;brutowinst ontbreekt;brutowinst ontbreekt,nee,-74.1,nee
ICP.F,United Eco Solutions AG,Financial Services,DE,EUR,2021=;2022=0.0;2023=0.2;2024=0.5;2025=0.0,2021=;2022=0.0;2023=0.2;2024=0.1;2025=0.0,2022-2024,2023->2024,2.0,omhoog,0.2->0.1,brutowinst volgt niet,ja,1842.3,nee
IDEX.OL,IDEX Biometrics ASA,Technology,NO,NOK,2021=;2022=40.1;2023=42.1;2024=9.5;2025=2.6,2021=;2022=-162.1;2023=-143.1;2024=-9.6;2025=-3.6,2022-2025,2023->2024;2024->2025,4.4;3.7,omlaag;omlaag,-143.1->-9.6;-9.6->-3.6,brutowinst negatief;brutowinst negatief,nee,-60.1,nee
IDIP.PA,IDI,Financial Services,FR,EUR,2021=;2022=92.8;2023=94.7;2024=46.9;2025=92.1,2021=;2022=;2023=;2024=;2025=,2022-2025,2023->2024,2.0,omlaag,->,brutowinst ontbreekt,nee,-0.3,nee
IGC.L,India Capital Growth Fund Limited,Financial Services,UK,GBP,2021=;2022=4.6;2023=39.9;2024=25.9;2025=-19.4,2021=;2022=;2023=;2024=;2025=,2022-2024,2022->2023,8.8,omhoog,->,brutowinst ontbreekt,nee,138.3,nee
IGET.L,Invesco Global Equity Income Trust ord,Unknown,UK,GBP,2022=5.6;2023=6.3;2024=29.5;2025=23.6,2022=;2023=;2024=;2025=,2022-2025,2023->2024,4.7,omhoog,->,brutowinst ontbreekt,nee,61.7,nee
IMC.L,IMC Exploration Group Public Limited Company,Basic Materials,UK,GBP,2022=0.0;2023=0.0;2024=1.3;2025=0.1,2022=;2023=0.0;2024=0.6;2025=-0.3,2024-2025,2024->2025,23.1,omlaag,0.6->-0.3,brutowinst negatief,nee,-95.7,nee
IMMO.BR,Immobel SA,Real Estate,BE,EUR,2021=;2022=236.3;2023=156.4;2024=377.5;2025=333.9,2021=;2022=27.2;2023=23.4;2024=28.8;2025=53.6,2022-2025,2023->2024,2.4,omhoog,23.4->28.8,brutowinst volgt niet,nee,12.2,nee
INC1L.VS,INVL Technology UTIB,Financial Services,LT,EUR,2021=;2022=0.9;2023=0.8;2024=1.8;2025=1.5,2021=;2022=3.3;2023=-4.2;2024=-0.2;2025=-1.8,2022-2025,2023->2024,2.2,omhoog,-4.2->-0.2,brutowinst negatief,nee,16.7,nee
INDU-A.ST,AB Industrivärden (publ),Financial Services,SE,SEK,2022=-13964.0;2023=27000.0;2024=12735.0;2025=35529.0,2022=;2023=;2024=;2025=,2023-2025,2023->2024;2024->2025,2.1;2.8,omlaag;omhoog,->;->,brutowinst ontbreekt;brutowinst ontbreekt,nee,14.7,nee
INDU-C.ST,AB Industrivärden (publ),Financial Services,SE,SEK,2022=-13964.0;2023=27000.0;2024=12735.0;2025=35529.0,2022=;2023=;2024=;2025=,2023-2025,2023->2024;2024->2025,2.1;2.8,omlaag;omhoog,->;->,brutowinst ontbreekt;brutowinst ontbreekt,nee,14.7,nee
INPP.L,International Public Partnerships Limited,Financial Services,UK,GBP,2021=;2022=329.7;2023=30.9;2024=3.5;2025=267.8,2021=;2022=;2023=;2024=;2025=,2022-2025,2022->2023;2023->2024;2024->2025,10.7;8.9;77.1,omlaag;omlaag;omhoog,->;->;->,brutowinst ontbreekt;brutowinst ontbreekt;brutowinst ontbreekt,nee,-6.7,nee
INV.L,Investment Company Ord,Unknown,UK,GBP,2022=0.1;2023=1.2;2024=1.2;2025=0.1,2022=;2023=;2024=;2025=,2022-2025,2022->2023;2024->2025,8.1;21.9,omhoog;omlaag,->;->,brutowinst ontbreekt;brutowinst ontbreekt,nee,-27.9,nee
IPH.PA,Innate Pharma S.A.,Healthcare,FR,EUR,2022=49.6;2023=51.9;2024=12.6;2025=2.8,2022=;2023=;2024=;2025=,2022-2025,2023->2024;2024->2025,4.1;4.5,omlaag;omlaag,->;->,brutowinst ontbreekt;brutowinst ontbreekt,nee,-61.7,nee
IRLAB-A.ST,IRLAB Therapeutics AB (publ),Healthcare,SE,SEK,2021=;2022=61.1;2023=5.7;2024=94.6;2025=57.5,2021=168.7;2022=61.1;2023=;2024=;2025=,2022-2025,2022->2023;2023->2024,10.8;16.7,omlaag;omhoog,61.1->;->,brutowinst ontbreekt;brutowinst ontbreekt,nee,-2.0,nee
ISOFOL.ST,Isofol Medical AB (publ),Healthcare,SE,SEK,2021=;2022=12.8;2023=0.7;2024=0.0;2025=0.0,2021=;2022=;2023=;2024=;2025=,2022-2023,2022->2023,17.7,omlaag,->,brutowinst ontbreekt,nee,-94.4,nee
IVA.PA,Inventiva S.A.,Healthcare,FR,EUR,2021=;2022=12.2;2023=17.5;2024=9.2;2025=4.5,2021=;2022=;2023=;2024=;2025=,2022-2025,2024->2025,2.1,omlaag,->,brutowinst ontbreekt,nee,-28.3,nee
JAM.L,JPMorgan American Ord,Unknown,UK,GBP,2021=;2022=-139.4;2023=321.8;2024=476.0;2025=86.1,2021=;2022=;2023=;2024=;2025=,2023-2025,2024->2025,5.5,omlaag,->,brutowinst ontbreekt,nee,-48.3,nee
JARA.L,JPMorgan Global Core Real Assets Limited,Financial Services,UK,GBP,2022=25.2;2023=25.6;2024=-9.9;2025=11.8,2022=;2023=;2024=;2025=,2022-2025,2023->2025,2.2,omlaag,->,brutowinst ontbreekt,nee,-22.5,nee
JCGI.L,JPMorgan China Growth & Income Ord,Unknown,UK,GBP,2022=-169.3;2023=-42.3;2024=7.3;2025=64.4,2022=;2023=;2024=;2025=,2024-2025,2024->2025,8.8,omhoog,->,brutowinst ontbreekt,nee,783.8,nee
JCH.L,JPMorgan Claverhouse Ord,Unknown,UK,GBP,2021=;2022=-34.5;2023=29.1;2024=34.2;2025=111.5,2021=;2022=;2023=;2024=;2025=,2023-2025,2024->2025,3.3,omhoog,->,brutowinst ontbreekt,nee,95.8,nee
JEDT.L,JPMorgan European Discovery Ord,Unknown,UK,GBP,2022=;2023=-31.3;2024=42.0;2025=11.4;2026=114.6,2022=;2023=;2024=;2025=;2026=,2024-2026,2024->2025;2025->2026,3.7;10.1,omlaag;omhoog,->;->,brutowinst ontbreekt;brutowinst ontbreekt,nee,65.2,nee
JEGI.L,JPMorgan European Growth & Income Ord,Unknown,UK,GBP,2023=42.4;2024=76.4;2025=18.9;2026=100.7,2023=;2024=;2025=;2026=,2023-2026,2024->2025;2025->2026,4.0;5.3,omlaag;omhoog,->;->,brutowinst ontbreekt;brutowinst ontbreekt,nee,33.4,nee
JEMA.L,JPMorgan Emerg EMEA Sec Plc,Unknown,UK,GBP,2021=;2022=-353.9;2023=0.5;2024=3.3;2025=6.2,2021=;2022=;2023=;2024=;2025=,2023-2025,2023->2024,6.2,omhoog,->,brutowinst ontbreekt,nee,243.5,nee
JFJ.L,JPMorgan Japanese Ord,Unknown,UK,GBP,2022=-401.7;2023=55.5;2024=174.3;2025=245.4,2022=;2023=;2024=;2025=,2023-2025,2023->2024,3.1,omhoog,->,brutowinst ontbreekt,nee,110.2,nee
JGGI.L,JPMorgan Global Growth & Income Ord,Unknown,UK,GBP,2022=-23.5;2023=170.0;2024=559.3;2025=,2022=;2023=;2024=;2025=,2023-2024,2023->2024,3.3,omhoog,->,brutowinst ontbreekt,nee,229.0,nee
JIGI.L,JPMorgan India Growth & Income plc,Unknown,UK,GBP,2022=41.5;2023=16.4;2024=165.3;2025=-93.3,2022=;2023=;2024=;2025=,2022-2024,2022->2023;2023->2024,2.5;10.1,omlaag;omhoog,->;->,brutowinst ontbreekt;brutowinst ontbreekt,nee,99.7,nee
JMGI.L,JPMorgan Emerging Markets Growth & Income plc.,Unknown,UK,GBP,2022=-282.8;2023=7.6;2024=95.9;2025=56.3,2022=;2023=;2024=;2025=,2023-2025,2023->2024,12.7,omhoog,->,brutowinst ontbreekt,nee,172.7,nee
JUSC.L,JPMorgan US Smaller Companies Ord,Unknown,UK,GBP,2021=;2022=-24.0;2023=12.9;2024=29.3;2025=-33.9,2021=;2022=;2023=;2024=;2025=,2023-2024,2023->2024,2.3,omhoog,->,brutowinst ontbreekt,nee,126.3,nee
KBCA.BR,KBC Ancora SA,Financial Services,BE,EUR,2022=808.1;2023=302.0;2024=371.5;2025=318.6,2022=;2023=;2024=;2025=,2022-2025,2022->2023,2.7,omlaag,->,brutowinst ontbreekt,nee,-26.7,nee
KCR.L,KCR Residential REIT,Unknown,UK,GBP,2022=1.1;2023=1.9;2024=0.6;2025=,2022=;2023=;2024=;2025=,2022-2024,2023->2024,3.4,omlaag,->,brutowinst ontbreekt,nee,-29.4,nee
KZG.L,Kazera Global plc,Financial Services,UK,GBP,2022=0.1;2023=0.0;2024=0.0;2025=0.0,2022=0.0;2023=-0.1;2024=-0.2;2025=0.0,2022-2024,2022->2023;2023->2024,3.5;5.2,omlaag;omlaag,0.0->-0.1;-0.1->-0.2,brutowinst ontbreekt;brutowinst negatief,ja,-76.3,nee
LEHTO.HE,Lehto Group Oyj,Unknown,FI,EUR,2021=;2022=344.8;2023=4.5;2024=1.1;2025=1.4,2021=;2022=26.9;2023=-2.4;2024=0.2;2025=0.4,2022-2025,2022->2023;2023->2024,77.4;4.1,omlaag;omlaag,26.9->-2.4;-2.4->0.2,brutowinst negatief;brutowinst negatief,nee,-84.2,nee
LGEN.L,Legal & General Group Plc,Financial Services,UK,GBP,2021=;2022=-94939.0;2023=32689.0;2024=20613.0;2025=42039.0,2021=;2022=;2023=;2024=;2025=,2023-2025,2024->2025,2.0,omhoog,->,brutowinst ontbreekt,nee,13.4,nee
LIFE.OL,Lifecare ASA,Healthcare,NO,NOK,2021=;2022=6.8;2023=4.3;2024=2.5;2025=0.1,2021=;2022=;2023=;2024=;2025=,2022-2025,2024->2025,22.1,omlaag,->,brutowinst ontbreekt,nee,-74.5,nee
LIVE.L,Living REIT plc,Unknown,UK,GBP,2022=33.8;2023=43.5;2024=-24.9;2025=9.1,2022=;2023=;2024=;2025=,2022-2025,2023->2025,4.8,omlaag,->,brutowinst ontbreekt,nee,-35.3,nee
LWDB.L,Law Debenture Corporation Ord,Unknown,UK,GBP,2021=;2022=-41.2;2023=125.6;2024=168.4;2025=366.0,2021=;2022=;2023=;2024=;2025=,2023-2025,2024->2025,2.2,omhoog,->,brutowinst ontbreekt,nee,70.7,nee
MAB.WA,Mabion S.A.,Healthcare,PL,PLN,2021=;2022=164.0;2023=151.7;2024=69.0;2025=15.8,2021=;2022=66.0;2023=114.6;2024=41.2;2025=-17.4,2022-2025,2024->2025,4.4,omlaag,41.2->-17.4,brutowinst negatief,nee,-54.2,nee
MAJE.L,Majedie Investments Ord,Unknown,UK,GBP,2021=;2022=-28.1;2023=17.8;2024=28.6;2025=12.7,2021=;2022=;2023=;2024=;2025=,2023-2025,2024->2025,2.2,omlaag,->,brutowinst ontbreekt,nee,-15.5,nee
MAN.WA,ManyDev Studio SE,Communication Services,PL,PLN,2021=0.0;2022=0.3;2023=0.0;2024=0.0,2021=-0.0;2022=0.2;2023=0.0;2024=-0.0,2022-2024,2023->2024,5.0,omlaag,0.0->-0.0,brutowinst negatief,ja,-88.1,nee
MAV4.L,Maven Income & Growth VCT 4 Ord,Unknown,UK,GBP,2022=-1.6;2023=-3.7;2024=2.7;2025=1.0,2022=;2023=;2024=;2025=,2024-2025,2024->2025,2.6,omlaag,->,brutowinst ontbreekt,nee,-61.0,nee
MET.L,Metir plc,Technology,UK,GBP,2021=;2022=1.6;2023=0.5;2024=0.2;2025=1.4,2021=;2022=0.9;2023=0.3;2024=-0.1;2025=0.6,2022-2025,2023->2024;2024->2025,2.1;6.2,omlaag;omhoog,0.3->-0.1;-0.1->0.6,brutowinst negatief;brutowinst negatief,ja,-2.8,nee
MGN.OL,Magnora ASA,Utilities,NO,NOK,2022=91.7;2023=12.1;2024=2.3;2025=97.7,2022=;2023=;2024=;2025=,2022-2025,2022->2023;2023->2024;2024->2025,7.6;5.3;42.5,omlaag;omlaag;omhoog,->;->;->,brutowinst ontbreekt;brutowinst ontbreekt;brutowinst ontbreekt,nee,2.1,nee
MIG1.L,Maven Income & Growth VCT Ord,Unknown,UK,GBP,2022=;2023=1.9;2024=-1.6;2025=4.0;2026=1.6,2022=;2023=;2024=;2025=;2026=,2023-2026,2023->2025;2025->2026,2.0;2.5,omhoog;omlaag,->;->,brutowinst ontbreekt;brutowinst ontbreekt,nee,-6.7,nee
MIG3.L,Maven Income & Growth VCT 3 Ord,Unknown,UK,GBP,2021=;2022=0.0;2023=-2.4;2024=2.9;2025=1.7,2021=;2022=;2023=;2024=;2025=,2022-2025,2022->2024,126.1,omhoog,->,brutowinst ontbreekt,nee,316.6,nee
MIG5.L,Maven Income & Growth VCT 5 Ord,Unknown,UK,GBP,2021=;2022=1.2;2023=-2.6;2024=4.6;2025=2.3,2021=;2022=;2023=;2024=;2025=,2022-2025,2022->2024,3.9,omhoog,->,brutowinst ontbreekt,nee,25.7,nee
MLHL.L,Malibu Life Holdings Limited,Financial Services,UK,USD,2022=-245.9;2023=16.7;2024=141.6;2025=115.6,2022=;2023=;2024=;2025=,2023-2025,2023->2024,8.5,omhoog,->,brutowinst ontbreekt,nee,163.1,nee
MNL.L,Manchester & London Ord,Unknown,UK,GBP,2022=-60.5;2023=29.3;2024=121.9;2025=102.1,2022=;2023=;2024=;2025=,2023-2025,2023->2024,4.2,omhoog,->,brutowinst ontbreekt,nee,86.6,nee
MNTN.L,The Schiehallion Fund Limited,Financial Services,UK,USD,2022=;2023=-318.1;2024=69.9;2025=156.5;2026=441.6,2022=;2023=;2024=;2025=;2026=,2024-2026,2024->2025;2025->2026,2.2;2.8,omhoog;omhoog,->;->,brutowinst ontbreekt;brutowinst ontbreekt,nee,151.3,nee
MOC.WA,Molecure S.A.,Healthcare,PL,PLN,2021=0.0;2022=0.0;2023=0.0;2024=0.0,2021=-2.8;2022=-1.6;2023=-4.1;2024=-3.4,2021-2023,2021->2023,4.0,omlaag,-2.8->-4.1,brutowinst negatief,ja,-50.0,nee
MPL.L,Mercantile Ports & Logistics Limited,Industrials,UK,GBP,2021=;2022=4.9;2023=5.5;2024=4.4;2025=1.4,2021=;2022=3.4;2023=3.0;2024=2.0;2025=-0.0,2022-2025,2024->2025,3.1,omlaag,2.0->-0.0,brutowinst negatief,nee,-34.0,nee
MRC.L,Mercantile Ord,Unknown,UK,GBP,2023=-273.7;2024=77.0;2025=244.1;2026=209.7,2023=;2024=;2025=;2026=,2024-2026,2024->2025,3.2,omhoog,->,brutowinst ontbreekt,nee,65.0,nee
MRCH.L,Merchants Trust Ord,Unknown,UK,GBP,2022=;2023=43.8;2024=-27.0;2025=107.1;2026=165.4,2022=;2023=;2024=;2025=;2026=,2023-2026,2023->2025,2.4,omhoog,->,brutowinst ontbreekt,nee,55.7,nee
MTU.L,Montanaro UK Smaller Companies Ord,Unknown,UK,GBP,2022=;2023=-26.5;2024=15.8;2025=-13.2;2026=0.6,2022=;2023=;2024=;2025=;2026=,2024-2026,2024->2026,25.4,omlaag,->,brutowinst ontbreekt,nee,-80.2,nee
MUT.L,Murray Income Trust Ord,Unknown,UK,GBP,2022=-39.3;2023=76.0;2024=96.4;2025=24.3;2026=134.4,2022=;2023=;2024=;2025=;2026=,2023-2026,2024->2025;2025->2026,4.0;5.5,omlaag;omhoog,->;->,brutowinst ontbreekt;brutowinst ontbreekt,nee,20.9,nee
MWY.L,Mid Wynd International Inv Tr Ord,Unknown,UK,GBP,2022=-37.8;2023=25.7;2024=53.5;2025=-18.5,2022=;2023=;2024=;2025=,2023-2024,2023->2024,2.1,omhoog,->,brutowinst ontbreekt,nee,108.1,nee
MYI.L,Murray International Ord,Unknown,UK,GBP,2021=;2022=143.8;2023=140.4;2024=136.1;2025=358.8,2021=;2022=;2023=;2024=;2025=,2022-2025,2024->2025,2.6,omhoog,->,brutowinst ontbreekt,nee,35.6,nee
NAIT.L,North American Income Trust Ord,Unknown,UK,GBP,2022=;2023=45.2;2024=-5.8;2025=93.8;2026=37.9,2022=;2023=;2024=;2025=;2026=,2023-2026,2023->2025;2025->2026,2.1;2.5,omhoog;omlaag,->;->,brutowinst ontbreekt;brutowinst ontbreekt,nee,-5.8,nee
NAS.L,North Atlantic Smaller Cos Ord,Unknown,UK,GBP,2023=-89.4;2024=3.6;2025=43.3;2026=31.7,2023=;2024=;2025=;2026=,2024-2026,2024->2025,11.9,omhoog,->,brutowinst ontbreekt,nee,195.5,nee
NAVF.L,Nippon Active Value Ord,Unknown,UK,GBP,2022=6.5;2023=49.5;2024=51.1;2025=66.7,2022=;2023=;2024=;2025=,2022-2025,2022->2023,7.6,omhoog,->,brutowinst ontbreekt,nee,116.8,nee
NAXS.ST,NAXS AB (publ),Financial Services,SE,SEK,2021=;2022=186.0;2023=9.6;2024=-61.5;2025=-19.9,2021=;2022=;2023=;2024=;2025=,2022-2023,2022->2023,19.4,omlaag,->,brutowinst ontbreekt,nee,-94.8,nee
NBIS,Nebius Group N.V.,Communication Services,US,USD,2021=;2022=13.5;2023=9.8;2024=91.5;2025=529.8,2021=;2022=-14.9;2023=-9.8;2024=47.8;2025=363.6,2022-2025,2023->2024,9.3,omhoog,-9.8->47.8,brutowinst negatief,nee,239.8,nee
NCYF.L,CQS New City High Yield Fund Limited,Financial Services,UK,GBP,2022=5.2;2023=4.4;2024=44.8;2025=18.7;2026=30.2,2022=;2023=;2024=;2025=;2026=,2023-2026,2023->2024;2024->2025,10.1;2.4,omhoog;omlaag,->;->,brutowinst ontbreekt;brutowinst ontbreekt,nee,89.4,nee
NESF.L,NextEnergy Solar Fund Limited,Financial Services,UK,GBP,2022=;2023=60.2;2024=3.6;2025=1.1;2026=-48.9,2022=;2023=;2024=;2025=;2026=,2023-2025,2023->2024;2024->2025,16.8;3.4,omlaag;omlaag,->;->,brutowinst ontbreekt;brutowinst ontbreekt,nee,-86.7,nee
NEWCAP.CO,Newcap Holding A/S,Financial Services,DK,DKK,2021=;2022=0.1;2023=0.0;2024=11.2;2025=12.4,2021=;2022=;2023=;2024=;2025=,2022-2025,2022->2023;2023->2024,3.6;286.4,omlaag;omhoog,->;->,brutowinst ontbreekt;brutowinst ontbreekt,ja,345.4,nee
NNG.WA,NanoGroup S.A.,Healthcare,PL,PLN,2021=;2022=0.1;2023=0.0;2024=0.0;2025=0.0,2021=;2022=0.0;2023=-0.1;2024=-0.0;2025=-0.4,2022-2024,2022->2023,69.1,omlaag,0.0->-0.1,brutowinst negatief,ja,-87.7,nee
NSI.L,New Star Investment Trust Ord,Unknown,UK,GBP,2022=-12.8;2023=3.6;2024=15.1;2025=,2022=;2023=;2024=;2025=,2023-2024,2023->2024,4.2,omhoog,->,brutowinst ontbreekt,nee,320.8,nee
NTN.L,Northern 3 VCT PLC,Financial Services,UK,GBP,2022=;2023=-1.5;2024=3.6;2025=7.5;2026=-0.4,2022=;2023=;2024=;2025=;2026=,2024-2025,2024->2025,2.1,omhoog,->,brutowinst ontbreekt,nee,105.8,nee
NTV.L,Northern 2 VCT Ord,Unknown,UK,GBP,2022=;2023=-2.9;2024=3.5;2025=9.0;2026=-1.0,2022=;2023=;2024=;2025=;2026=,2024-2025,2024->2025,2.6,omhoog,->,brutowinst ontbreekt,nee,162.1,nee
NTVO.L,Nativo Resources plc,Basic Materials,UK,GBP,2021=;2022=0.0;2023=0.0;2024=0.0;2025=0.0,2021=;2022=0.0;2023=0.0;2024=-0.1;2025=-0.0,2022-2024,2022->2024,511.6,omhoog,0.0->-0.1,brutowinst negatief,ja,2161.9,nee
NVT.L,Northern Venture Trust PLC,Financial Services,UK,GBP,2021=;2022=-10.3;2024=3.9;2025=9.1;2026=-0.8,2021=;2022=;2024=;2025=;2026=,2024-2025,2024->2025,2.4,omhoog,->,brutowinst ontbreekt,nee,135.4,nee
NWX.F,Nordwest Handel AG,Industrials,DE,EUR,2021=;2022=896.8;2023=270.4;2024=282.8;2025=271.7,2021=;2022=102.4;2023=108.2;2024=113.1;2025=107.7,2022-2025,2022->2023,3.3,omlaag,102.4->108.2,brutowinst volgt niet,nee,-32.8,nee
NXG.WA,Nexity Global S.A.,Technology,PL,PLN,2021=;2022=2.5;2023=0.1;2024=0.0;2025=0.0,2021=;2022=1.0;2023=-0.0;2024=-0.1;2025=-0.0,2022-2025,2022->2023;2023->2024,33.0;26.9,omlaag;omlaag,1.0->-0.0;-0.0->-0.1,brutowinst negatief;brutowinst negatief,ja,-90.6,nee
NXR.F,NeXR Technologies SE,Technology,DE,EUR,2021=0.4;2022=0.9,2021=-0.9;2022=-0.0,2021-2022,2021->2022,2.1,omhoog,-0.9->-0.0,brutowinst negatief,ja,113.3,nee
OAP3.L,Octopus Apollo VCT Ord,Unknown,UK,GBP,2023=37.0;2024=3.6;2025=27.7;2026=16.5,2023=;2024=;2025=;2026=,2023-2026,2023->2024;2024->2025,10.4;7.7,omlaag;omhoog,->;->,brutowinst ontbreekt;brutowinst ontbreekt,nee,-23.6,nee
OCDO.L,Ocado Group plc,Consumer Defensive,UK,GBP,2021=;2022=2516.8;2023=1122.1;2024=1214.6;2025=1381.7,2021=932.8;2022=964.3;2023=;2024=;2025=,2022-2025,2022->2023,2.2,omlaag,964.3->,brutowinst ontbreekt,nee,-18.1,nee
OCI.AS,OCI N.V.,Basic Materials,NL,EUR,2021=;2022=3179.2;2023=810.5;2024=834.8;2025=929.7,2021=;2022=361.4;2023=-75.0;2024=1.7;2025=20.3,2022-2025,2022->2023,3.9,omlaag,361.4->-75.0,brutowinst negatief,nee,-33.6,nee
OCI.L,Oakley Capital Investments Limited,Financial Services,UK,GBP,2022=225.8;2023=53.7;2024=32.3;2025=66.6,2022=;2023=;2024=;2025=,2022-2025,2022->2023;2024->2025,4.2;2.1,omlaag;omhoog,->;->,brutowinst ontbreekt;brutowinst ontbreekt,nee,-33.4,nee
OIG.L,Oryx International Growth Fund Limited,Financial Services,UK,GBP,2022=;2023=-12.3;2024=26.3;2025=-4.8;2026=1.7,2022=;2023=;2024=;2025=;2026=,2024-2026,2024->2026,15.3,omlaag,->,brutowinst ontbreekt,nee,-74.4,nee
OML.WA,One More Level S.A.,Communication Services,PL,PLN,2021=;2022=7.1;2023=22.8;2024=11.9;2025=1.5,2021=;2022=7.0;2023=7.2;2024=7.1;2025=1.4,2022-2025,2022->2023,3.2,omhoog,7.0->7.2,brutowinst volgt niet,nee,-41.1,nee
OREGE.PA,Orege Société Anonyme,Industrials,FR,EUR,2021=;2022=3.5;2023=1.3;2024=3.0;2025=3.0,2021=;2022=-1.2;2023=-3.5;2024=-2.0;2025=-6.1,2022-2025,2022->2023;2023->2024,2.8;2.4,omlaag;omhoog,-1.2->-3.5;-3.5->-2.0,brutowinst negatief;brutowinst negatief,nee,-4.7,nee
ORES.ST,Investment AB Öresund (publ),Financial Services,SE,SEK,2021=;2022=-1673.0;2023=247.9;2024=422.0;2025=857.2,2021=;2022=;2023=;2024=;2025=,2023-2025,2024->2025,2.0,omhoog,->,brutowinst ontbreekt,nee,85.9,nee
ORIT.L,Octopus Renewables Infrastructure Ord,Unknown,UK,GBP,2022=72.2;2023=14.2;2024=13.3;2025=-21.3,2022=;2023=;2024=;2025=,2022-2024,2022->2023,5.1,omlaag,->,brutowinst ontbreekt,nee,-57.0,nee
OSE.PA,OSE Immunotherapeutics SA,Healthcare,FR,EUR,2021=;2022=18.3;2023=2.2;2024=69.9;2025=2.6,2021=;2022=;2023=;2024=;2025=,2022-2025,2022->2023;2023->2024;2024->2025,8.2;31.4;26.7,omlaag;omhoog;omlaag,->;->;->,brutowinst ontbreekt;brutowinst ontbreekt;brutowinst ontbreekt,nee,-47.7,nee
OXUR.BR,Oxurion NV,Healthcare,BE,EUR,2021=;2022=0.6;2023=0.3;2024=0.0;2025=0.6,2021=;2022=0.1;2023=0.1;2024=-0.0;2025=0.6,2022-2025,2022->2023;2023->2024;2024->2025,2.3;87.7;185.0,omlaag;omlaag;omhoog,0.1->0.1;0.1->-0.0;-0.0->0.6,brutowinst volgt niet;brutowinst negatief;brutowinst negatief,ja,-2.3,nee
PAC.L,Pacific Assets Trust,Financial Services,UK,GBP,2023=30.9;2024=1.2;2025=55.0;2026=-4.4,2023=;2024=;2025=;2026=,2023-2025,2023->2024;2024->2025,25.4;45.2,omlaag;omhoog,->;->,brutowinst ontbreekt;brutowinst ontbreekt,nee,33.4,nee
PAT.WA,Patentus S.A.,Industrials,PL,PLN,2021=38.1;2022=82.6;2023=244.8;2024=,2021=-4.3;2022=9.6;2023=80.1;2024=,2021-2023,2021->2022,2.2,omhoog,-4.3->9.6,brutowinst negatief,nee,153.6,nee
PBG.WA,PBG S.A.,Energy,PL,PLN,2021=;2022=0.1;2023=0.0;2024=0.0;2025=0.0,2021=;2022=0.0;2023=-0.1;2024=0.0;2025=0.0,2022-2023,2022->2023,10.4,omlaag,0.0->-0.1,brutowinst negatief,ja,-90.3,nee
PCFT.L,Polar Capital Global Financials Ord,Unknown,UK,GBP,2022=7.7;2023=-13.3;2024=167.2;2025=57.3,2022=;2023=;2024=;2025=,2022-2025,2022->2024;2024->2025,21.8;2.9,omhoog;omlaag,->;->,brutowinst ontbreekt;brutowinst ontbreekt,nee,95.4,nee
PCGH.L,Polar Capital Glb Healthcare Ord,Unknown,UK,GBP,2022=23.8;2023=20.1;2024=65.5;2025=-26.7,2022=;2023=;2024=;2025=,2022-2024,2023->2024,3.3,omhoog,->,brutowinst ontbreekt,nee,65.8,nee
PCT.L,Polar Capital Technology Ord,Unknown,UK,GBP,2022=;2023=-101.8;2024=1118.8;2025=122.4;2026=3757.4,2022=;2023=;2024=;2025=;2026=,2024-2026,2024->2025;2025->2026,9.1;30.7,omlaag;omhoog,->;->,brutowinst ontbreekt;brutowinst ontbreekt,nee,83.3,nee
PCTN.L,Picton Property Income Ltd,Real Estate,UK,GBP,2023=-67.7;2024=19.4;2025=61.1;2026=49.2,2023=;2024=;2025=;2026=,2024-2026,2024->2025,3.1,omhoog,->,brutowinst ontbreekt,nee,59.0,nee
PEH.DE,PEH.DE,Unknown,DE,EUR,2021=;2022=34.3;2023=39.2;2024=167.2;2025=208.8,2021=;2022=;2023=;2024=22.7;2025=26.5,2022-2025,2023->2024,4.3,omhoog,->22.7,brutowinst ontbreekt,nee,82.7,nee
PEY.L,Partners Group Private Equity Limited,Financial Services,UK,EUR,2021=;2022=-13.8;2023=23.9;2024=115.8;2025=-84.1,2021=;2022=;2023=;2024=;2025=,2023-2024,2023->2024,4.8,omhoog,->,brutowinst ontbreekt,nee,384.5,nee
PGOO.L,ProVen Growth and Income VCT Ord,Unknown,UK,GBP,2022=;2023=-23.1;2024=11.5;2025=-4.9;2026=0.4,2022=;2023=;2024=;2025=;2026=,2024-2026,2024->2026,27.6,omlaag,->,brutowinst ontbreekt,nee,-81.0,nee
PHP.L,Primary Health Properties Plc,Real Estate,UK,GBP,2021=;2022=85.6;2023=65.2;2024=93.0;2025=224.0,2021=;2022=;2023=;2024=;2025=,2022-2025,2024->2025,2.4,omhoog,->,brutowinst ontbreekt,nee,37.8,nee
PIN.L,Pantheon International Ord,Unknown,UK,GBP,2023=54.3;2024=47.0;2025=4.4;2026=56.0,2023=;2024=;2025=;2026=,2023-2026,2024->2025;2025->2026,10.7;12.8,omlaag;omhoog,->;->,brutowinst ontbreekt;brutowinst ontbreekt,nee,1.0,nee
PIP.L,PipeHawk plc,Technology,UK,GBP,2022=6.2;2023=6.5;2024=9.1;2025=3.7,2022=;2023=;2024=;2025=,2022-2025,2024->2025,2.4,omlaag,->,brutowinst ontbreekt,nee,-15.4,nee
PNL.L,Personal Assets Ord,Unknown,UK,GBP,2022=;2023=-6.4;2024=52.9;2025=123.1;2026=105.2,2022=;2023=;2024=;2025=;2026=,2024-2026,2024->2025,2.3,omhoog,->,brutowinst ontbreekt,nee,40.9,nee
POXEL.PA,Poxel S.A.,Healthcare,FR,EUR,2021=13.4;2022=0.7;2023=2.0;2024=,2021=13.3;2022=0.0;2023=0.0;2024=,2021-2023,2022->2023,2.9,omhoog,0.0->0.0,brutowinst volgt niet,nee,-61.5,nee
PPET.L,Patria Private Equity Trust,Unknown,UK,GBP,2021=;2022=147.0;2023=65.4;2024=31.4;2025=120.6,2021=;2022=;2023=;2024=;2025=,2022-2025,2022->2023;2023->2024;2024->2025,2.2;2.1;3.8,omlaag;omlaag;omhoog,->;->;->,brutowinst ontbreekt;brutowinst ontbreekt;brutowinst ontbreekt,nee,-6.4,nee
PRIM.L,Primorus Investments plc,Financial Services,UK,GBP,2021=;2022=-0.6;2023=-0.3;2024=3.2;2025=1.0,2021=;2022=;2023=;2024=;2025=,2024-2025,2024->2025,3.2,omlaag,->,brutowinst ontbreekt,nee,-68.5,nee
PRM.WA,Prochem S.A.,Industrials,PL,PLN,2021=;2022=221.8;2023=280.7;2024=139.7;2025=133.4,2021=;2022=12.5;2023=-15.2;2024=7.8;2025=6.9,2022-2025,2023->2024,2.0,omlaag,-15.2->7.8,brutowinst negatief,nee,-15.6,nee
PSDL.L,Phoenix Spree Deutschland Limited,Real Estate,UK,GBP,2021=;2022=2.4;2023=-77.6;2024=4.9;2025=4.4,2021=;2022=;2023=;2024=;2025=,2022-2025,2022->2024,2.0,omhoog,->,brutowinst ontbreekt,nee,22.2,nee
PSH.L,"Pershing Square Holdings, Ltd.",Financial Services,UK,GBP,2021=;2022=-866.7;2023=1883.4;2024=882.8;2025=1886.3,2021=;2022=;2023=;2024=;2025=,2023-2025,2023->2024;2024->2025,2.1;2.1,omlaag;omhoog,->;->,brutowinst ontbreekt;brutowinst ontbreekt,nee,0.1,nee
PTEC.L,Playtech plc,Consumer Cyclical,UK,GBP,2021=;2022=1371.3;2023=660.8;2024=726.0;2025=653.7,2021=;2022=;2023=;2024=;2025=,2022-2025,2022->2023,2.1,omlaag,->,brutowinst ontbreekt,nee,-21.9,nee
PTG.WA,Poltreg S.A.,Healthcare,PL,PLN,2022=1.0;2023=1.4;2024=0.3;2025=0.0,2022=-0.1;2023=-1.4;2024=-4.4;2025=-5.4,2022-2024,2023->2024,4.0,omlaag,-1.4->-4.4,brutowinst negatief,nee,-40.8,nee
PU11.F,The Social Chain AG,Communication Services,DE,EUR,2021=241.6;2022=116.0;2024=0.2;2025=0.0,2021=92.7;2022=26.4;2024=;2025=,2021-2024,2022->2024,671.3,omlaag,26.4->,brutowinst ontbreekt,nee,-91.1,nee
PU13.L,Puma Vct 13 Plc,Financial Services,UK,GBP,2022=;2023=3.2;2024=-7.4;2025=1.4;2026=5.6,2022=;2023=;2024=;2025=;2026=,2023-2026,2023->2025;2025->2026,2.4;4.1,omlaag;omhoog,->;->,brutowinst ontbreekt;brutowinst ontbreekt,nee,20.0,nee
PVN.L,ProVen VCT plc,Financial Services,UK,GBP,2022=;2023=-13.2;2024=9.1;2025=3.4;2026=3.0,2022=;2023=;2024=;2025=;2026=,2024-2026,2024->2025,2.7,omlaag,->,brutowinst ontbreekt,nee,-42.5,nee
QEC.OL,Questerre Energy Corporation,Energy,NO,NOK,2021=;2022=347.6;2023=280.1;2024=248.1;2025=518.2,2021=;2022=145.9;2023=47.0;2024=47.6;2025=-42.1,2022-2025,2024->2025,2.1,omhoog,47.6->-42.1,brutowinst negatief,nee,14.2,nee
QLINEA.ST,Q-linea AB (publ),Healthcare,SE,SEK,2021=;2022=12.8;2023=4.4;2024=2.4;2025=11.1,2021=;2022=-21.4;2023=1.0;2024=-11.1;2025=-1.7,2022-2025,2022->2023;2024->2025,2.9;4.7,omlaag;omhoog,-21.4->1.0;-11.1->-1.7,brutowinst negatief;brutowinst negatief,nee,-4.6,nee
RAND,Rand Capital Corporation,Financial Services,US,USD,2021=;2022=0.6;2023=8.1;2024=10.1;2025=-6.4,2021=;2022=;2023=;2024=;2025=,2022-2024,2022->2023,13.2,omhoog,->,brutowinst ontbreekt,nee,306.7,nee
RCP.L,RIT Capital Partners Ord,Unknown,UK,GBP,2021=;2022=-533.3;2023=108.8;2024=343.6;2025=500.6,2021=;2022=;2023=;2024=;2025=,2023-2025,2023->2024,3.2,omhoog,->,brutowinst ontbreekt,nee,114.5,nee
RDN.WA,Redan S.A.,Consumer Cyclical,PL,PLN,2021=;2022=94.3;2023=67.4;2024=21.8;2025=4.0,2021=;2022=14.8;2023=10.9;2024=5.3;2025=3.8,2022-2025,2024->2025,5.4,omlaag,5.3->3.8,brutowinst volgt niet,nee,-65.1,nee
REVO.MI,REVO Insurance S.p.A.,Financial Services,IT,EUR,2021=;2022=94.4;2023=220.4;2024=313.3;2025=415.9,2021=;2022=;2023=;2024=;2025=,2022-2025,2022->2023,2.3,omhoog,->,brutowinst ontbreekt,nee,63.9,nee
RICA.L,Ruffer Investment Company Limited,Financial Services,UK,GBP,2022=31.3;2023=-32.5;2024=12.5;2025=44.4,2022=;2023=;2024=;2025=,2022-2025,2022->2024;2024->2025,2.5;3.6,omlaag;omhoog,->;->,brutowinst ontbreekt;brutowinst ontbreekt,nee,12.4,nee
RIII.L,Rights & Issues Investment Trust Ord,Unknown,UK,GBP,2021=;2022=-53.3;2023=4.2;2024=12.5;2025=5.3,2021=;2022=;2023=;2024=;2025=,2023-2025,2023->2024;2024->2025,3.0;2.3,omhoog;omlaag,->;->,brutowinst ontbreekt;brutowinst ontbreekt,nee,12.2,nee
RKW.L,Rockwood Strategic Ord,Unknown,UK,GBP,2022=;2023=9.5;2024=3.6;2025=14.5;2026=5.9,2022=;2023=;2024=;2025=;2026=,2023-2026,2023->2024;2024->2025;2025->2026,2.6;4.0;2.5,omlaag;omhoog;omlaag,->;->;->,brutowinst ontbreekt;brutowinst ontbreekt;brutowinst ontbreekt,nee,-14.9,nee
RMMC.L,River UK Micro Cap Limited,Financial Services,UK,GBP,2021=;2022=-52.9;2023=2.8;2024=9.6;2025=16.1,2021=;2022=;2023=;2024=;2025=,2023-2025,2023->2024,3.4,omhoog,->,brutowinst ontbreekt,nee,138.4,nee
RSE.L,Riverstone Energy Limited,Financial Services,UK,GBP,2021=;2022=73.3;2023=3.9;2024=-54.8;2025=23.2,2021=;2022=;2023=;2024=;2025=,2022-2025,2022->2023;2023->2025,18.9;6.0,omlaag;omhoog,->;->,brutowinst ontbreekt;brutowinst ontbreekt,nee,-31.9,nee
RTW.L,RTW Biotech Opportunities Ltd,Financial Services,UK,USD,2022=-36.5;2023=86.3;2024=38.7;2025=250.9,2022=;2023=;2024=;2025=,2023-2025,2023->2024;2024->2025,2.2;6.5,omlaag;omhoog,->;->,brutowinst ontbreekt;brutowinst ontbreekt,nee,70.5,nee
SAFETY-B.ST,mySafety Group AB,Technology,SE,SEK,2021=;2022=0.9;2023=311.9;2024=320.0;2025=332.6,2021=;2022=-3.9;2023=116.4;2024=124.4;2025=157.9,2022-2025,2022->2023,350.8,omhoog,-3.9->116.4,brutowinst negatief,nee,620.6,nee
SAIN.L,Scottish American Ord,Unknown,UK,GBP,2022=-62.6;2023=108.4;2024=55.7;2025=21.5,2022=;2023=;2024=;2025=,2023-2025,2024->2025,2.6,omlaag,->,brutowinst ontbreekt,nee,-55.5,nee
SBO.L,Schroder British Opportunities Ord,Unknown,UK,GBP,2023=2.7;2024=2.7;2025=1.1;2026=-1.9,2023=;2024=;2025=;2026=,2023-2025,2024->2025,2.4,omlaag,->,brutowinst ontbreekt,nee,-34.9,nee
SCF.L,Schroder Income Growth Ord,Unknown,UK,GBP,2022=-5.4;2023=8.6;2024=37.9;2025=21.0,2022=;2023=;2024=;2025=,2023-2025,2023->2024,4.4,omhoog,->,brutowinst ontbreekt,nee,56.8,nee
SCP.WA,Scope Fluidics S.A.,Healthcare,PL,PLN,2021=;2022=0.4;2023=0.5;2024=0.1;2025=0.1,2021=;2022=-0.5;2023=-1.4;2024=-1.2;2025=-3.6,2022-2025,2023->2024,3.9,omlaag,-1.4->-1.2,brutowinst negatief,ja,-37.2,nee
SDP.L,Schroder AsiaPacific Ord,Unknown,UK,GBP,2022=-140.1;2023=27.1;2024=136.9;2025=127.2,2022=;2023=;2024=;2025=,2023-2025,2023->2024,5.1,omhoog,->,brutowinst ontbreekt,nee,116.7,nee
SDV.L,Chelverton UK Dividend Trust Ord,Unknown,UK,GBP,2022=;2023=-2.9;2024=1.1;2025=-0.6;2026=5.3,2022=;2023=;2024=;2025=;2026=,2024-2026,2024->2026,4.7,omhoog,->,brutowinst ontbreekt,nee,116.9,nee
SEC.L,Strategic Equity Capital Ord,Unknown,UK,GBP,2022=-19.2;2023=13.2;2024=27.6,2022=;2023=;2024=,2023-2024,2023->2024,2.1,omhoog,->,brutowinst ontbreekt,nee,108.4,nee
SERE.L,Schroder European Real Estate Inv Trust,Unknown,UK,GBP,2021=;2022=30.0;2023=-7.5;2024=3.8;2025=5.8,2021=;2022=;2023=;2024=;2025=,2022-2025,2022->2024,7.8,omlaag,->,brutowinst ontbreekt,nee,-42.2,nee
SIGHT.PA,GenSight Biologics S.A.,Healthcare,FR,EUR,2021=;2022=2.6;2023=1.3;2024=1.5;2025=0.0,2021=;2022=;2023=;2024=;2025=,2022-2025,2022->2023;2024->2025,2.0;1500.0,omlaag;omlaag,->;->,brutowinst ontbreekt;brutowinst ontbreekt,nee,-92.7,nee
SIHL.L,Symphony International Holdings Limited,Financial Services,UK,USD,2021=;2022=8.7;2023=-101.1;2024=57.5;2025=2.8,2021=;2022=;2023=;2024=;2025=,2022-2025,2022->2024;2024->2025,6.6;20.6,omhoog;omlaag,->;->,brutowinst ontbreekt;brutowinst ontbreekt,nee,-31.5,nee
SJG.L,Schroder Japan Trust Ord,Unknown,UK,GBP,2022=4.6;2023=32.9;2024=62.6,2022=;2023=;2024=,2022-2024,2022->2023,7.2,omhoog,->,brutowinst ontbreekt,nee,269.8,nee
SKA.L,Shuka Minerals Plc,Basic Materials,UK,GBP,2022=0.2;2023=0.2;2024=0.0;2025=0.0,2022=-0.7;2023=-0.2;2024=-0.2;2025=-0.1,2022-2024,2023->2024,84.3,omlaag,-0.2->-0.2,brutowinst negatief,ja,-88.8,nee
SLCO.PA,Selcodis SA,Unknown,FR,EUR,2021=1.0;2022=0.4;2023=0.0,2021=-0.6;2022=-0.1;2023=-0.5,2021-2022,2021->2022,2.8,omlaag,-0.6->-0.1,brutowinst negatief,nee,-64.1,nee
SMT.L,Scottish Mortgage Ord,Unknown,UK,GBP,2023=-2912.5;2024=1377.4;2025=1236.0;2026=3109.1,2023=;2024=;2025=;2026=,2024-2026,2025->2026,2.5,omhoog,->,brutowinst ontbreekt,nee,50.2,nee
SOF.BR,Sofina Société Anonyme,Financial Services,BE,EUR,2021=;2022=-1827.8;2023=-63.6;2024=1423.0;2025=182.6,2021=;2022=;2023=;2024=;2025=,2024-2025,2024->2025,7.8,omlaag,->,brutowinst ontbreekt,nee,-87.2,nee
SOI.L,Schroder Oriental Income Ord,Unknown,UK,GBP,2022=20.5;2023=-22.5;2024=113.5;2025=97.7,2022=;2023=;2024=;2025=,2022-2025,2022->2024,5.5,omhoog,->,brutowinst ontbreekt,nee,68.4,nee
SOU.L,Sound Energy plc,Energy,UK,GBP,2022=0.0;2023=0.0;2024=0.0;2025=0.3,2022=5.7;2023=0.0;2024=-122.0;2025=-12.7,2022-2025,2023->2025,73.8,omhoog,0.0->-12.7,brutowinst negatief,ja,90.0,nee
SREI.L,Schroder Real Estate Investment Trust Limited,Real Estate,UK,GBP,2023=-49.6;2024=8.2;2025=36.6;2026=21.2,2023=;2024=;2025=;2026=,2024-2026,2024->2025,4.4,omhoog,->,brutowinst ontbreekt,nee,60.5,nee
SST.L,Scottish Oriental Smaller Cos Ord,Unknown,UK,GBP,2022=32.4;2023=24.7;2024=75.8;2025=-8.1,2022=;2023=;2024=;2025=,2022-2024,2023->2024,3.1,omhoog,->,brutowinst ontbreekt,nee,53.0,nee
STS.L,STS Global Income & Growth Trust Ord,Unknown,UK,GBP,2022=;2023=-3.2;2024=11.5;2025=31.5;2026=-10.4,2022=;2023=;2024=;2025=;2026=,2024-2025,2024->2025,2.7,omhoog,->,brutowinst ontbreekt,nee,173.1,nee
SVOL-A.ST,Svolder AB (publ),Financial Services,SE,SEK,2021=;2022=-1161.5;2023=-493.5;2024=876.1;2025=8.6;2026=408.1,2021=;2022=;2023=;2024=;2025=;2026=,2024-2026,2024->2025;2025->2026,101.9;47.5,omlaag;omhoog,->;->,brutowinst ontbreekt;brutowinst ontbreekt,nee,-31.7,nee
SVOL-B.ST,Svolder AB (publ),Financial Services,SE,SEK,2021=;2022=-1161.5;2023=-493.5;2024=876.1;2025=8.6;2026=408.1,2021=;2022=;2023=;2024=;2025=;2026=,2024-2026,2024->2025;2025->2026,101.9;47.5,omlaag;omhoog,->;->,brutowinst ontbreekt;brutowinst ontbreekt,nee,-31.7,nee
SYME.L,Supply@ME Capital plc,Technology,UK,GBP,2021=0.3;2022=0.1;2023=0.2,2021=-0.5;2022=-0.2;2023=-0.4,2021-2023,2021->2022,2.0,omlaag,-0.5->-0.2,brutowinst negatief,ja,-24.7,nee
TEM.L,Templeton Emerging Mkts Invmt Tr TEMIT,Unknown,UK,GBP,2022=;2023=30.7;2024=169.8;2025=187.2;2026=781.2,2022=;2023=;2024=;2025=;2026=,2023-2026,2023->2024;2025->2026,5.5;4.2,omhoog;omhoog,->;->,brutowinst ontbreekt;brutowinst ontbreekt,nee,194.1,nee
TERN.L,Tern Plc,Financial Services,UK,GBP,2021=;2022=0.1;2023=0.2;2024=0.0;2025=0.1,2021=;2022=;2023=;2024=;2025=,2022-2025,2022->2023;2023->2024;2024->2025,3.0;11.4;3.1,omhoog;omlaag;omhoog,->;->;->,brutowinst ontbreekt;brutowinst ontbreekt;brutowinst ontbreekt,ja,-6.5,nee
TFG.AS,Tetragon Financial Group Limited,Financial Services,NL,USD,2022=-15.0;2023=158.7;2024=365.0;2025=751.2,2022=;2023=;2024=;2025=,2023-2025,2023->2024;2024->2025,2.3;2.1,omhoog;omhoog,->;->,brutowinst ontbreekt;brutowinst ontbreekt,nee,117.6,nee
TGR.L,Total Graphite plc,Basic Materials,UK,GBP,2022=1.6;2023=2.9;2024=4.9;2025=1.6;2026=,2022=0.0;2023=0.3;2024=-1.0;2025=-1.9;2026=,2022-2025,2024->2025,3.1,omlaag,-1.0->-1.9,brutowinst negatief,nee,-1.4,nee
TMI.L,Taylor Maritime Limited,Industrials,UK,USD,2022=;2023=36.1;2024=-42.5;2025=0.0;2026=150.2,2022=;2023=;2024=;2025=0.0;2026=21.1,2023-2026,2023->2026,4.2,omhoog,->21.1,brutowinst ontbreekt,nee,60.8,nee
TMIP.L,Taylor Maritime Limited,Industrials,UK,GBP,2022=;2023=26.5;2024=-31.2;2025=0.0;2026=110.0,2022=;2023=;2024=;2025=0.0;2026=15.4,2023-2026,2023->2026,4.2,omhoog,->15.4,brutowinst ontbreekt,nee,60.8,nee
TMT.L,TMT Investments PLC,Financial Services,UK,USD,2021=;2022=-80.1;2023=7.6;2024=-0.9;2025=17.9,2021=;2022=;2023=;2024=;2025=,2023-2025,2023->2025,2.4,omhoog,->,brutowinst ontbreekt,nee,53.6,nee
TNG.PA,Transgene SA,Healthcare,FR,EUR,2021=;2022=3.5;2023=1.4;2024=0.3;2025=0.5,2021=;2022=;2023=;2024=;2025=,2022-2025,2022->2023;2023->2024,2.4;4.7,omlaag;omlaag,->;->,brutowinst ontbreekt;brutowinst ontbreekt,nee,-47.9,nee
TRAC-B.ST,AB Traction,Financial Services,SE,SEK,2021=;2022=-362.1;2023=284.4;2024=490.4;2025=211.1,2021=;2022=;2023=;2024=;2025=,2023-2025,2024->2025,2.3,omlaag,->,brutowinst ontbreekt,nee,-13.8,nee
TRAF.L,Trafalgar Minerals Plc,Real Estate,UK,GBP,2022=0.1;2023=0.0;2024=0.0;2025=,2022=0.1;2023=-0.0;2024=0.0;2025=,2022-2023,2022->2023,3.6,omlaag,0.1->-0.0,brutowinst negatief,ja,-72.0,nee
TRIG.L,The Renewables Infrastructure Group Limited,Utilities,UK,GBP,2022=522.8;2023=9.1;2024=-112.7;2025=-123.7,2022=;2023=;2024=;2025=,2022-2023,2022->2023,57.5,omlaag,->,brutowinst ontbreekt,nee,-98.3,nee
TRSB.OL,Trøndelag Sparebank,Financial Services,NO,NOK,2021=;2022=134.0;2023=278.5;2024=312.5;2025=343.3,2021=;2022=;2023=;2024=;2025=,2022-2025,2022->2023,2.1,omhoog,->,brutowinst ontbreekt,nee,36.8,nee
TRUE.L,Truetide plc,Financial Services,UK,GBP,2022=;2023=0.1;2024=0.1;2025=0.0;2026=0.0,2022=;2023=-0.3;2024=-0.4;2025=-0.3;2026=-0.2,2023-2026,2024->2025,3.0,omlaag,-0.4->-0.3,brutowinst negatief,ja,-35.1,nee
TRY.L,TR Property Ord,Unknown,UK,GBP,2023=-540.3;2024=201.2;2025=-23.1;2026=77.8,2023=;2024=;2025=;2026=,2024-2026,2024->2026,2.6,omlaag,->,brutowinst ontbreekt,nee,-37.8,nee
TUF.DE,LIBERO Football Finance AG,Financial Services,DE,EUR,2021=;2022=0.1;2023=0.0;2024=0.0;2025=0.0,2021=;2022=0.1;2023=0.0;2024=0.0;2025=-0.1,2022-2025,2022->2025,10.7,omlaag,0.1->-0.1,brutowinst negatief,ja,-54.6,nee
UEM.L,Utilico Emerging Markets Ord,Financial Services,UK,GBP,2022=;2023=9.2;2024=63.5;2025=-12.0;2026=121.4,2022=;2023=;2024=;2025=;2026=,2023-2026,2023->2024,6.9,omhoog,->,brutowinst ontbreekt,nee,136.1,nee
UKOG.L,UK Energy Group PLC,Unknown,UK,GBP,2021=1.6;2022=1.8;2023=1.5;2024=;2025=0.4,2021=;2022=0.3;2023=0.3;2024=-0.2;2025=-0.0,2021-2025,2023->2025,3.6,omlaag,0.3->-0.0,brutowinst negatief,nee,-27.5,nee
UKW.L,Greencoat UK Wind,Unknown,UK,GBP,2022=966.3;2023=142.8;2024=-33.6;2025=-184.3,2022=;2023=;2024=;2025=,2022-2023,2022->2023,6.8,omlaag,->,brutowinst ontbreekt,nee,-85.2,nee
USF.L,US Solar Fund Plc,Utilities,UK,USD,2021=;2022=15.7;2023=-40.2;2024=-33.4;2025=1.3,2021=;2022=;2023=;2024=;2025=,2022-2025,2022->2025,12.3,omlaag,->,brutowinst ontbreekt,nee,-56.7,nee
VAST.L,Vast Resources PLC,Basic Materials,UK,GBP,2022=2.0;2023=2.0;2024=1.1;2025=0.3,2022=-1.9;2023=-2.5;2024=-2.9;2025=-0.9,2022-2025,2024->2025,4.2,omlaag,-2.9->-0.9,brutowinst negatief,nee,-49.6,nee
VEFAB.ST,VEF AB (publ),Financial Services,SE,SEK,2021=;2022=4.3;2023=22.0;2024=-2.9;2025=-5.3,2021=;2022=-17.3;2023=-3.0;2024=-25.1;2025=-28.7,2022-2023,2022->2023,5.1,omhoog,-17.3->-3.0,brutowinst negatief,nee,408.1,nee
VEIL.L,Vietnam Enterprise Ord,Unknown,UK,GBP,2021=;2022=-673.9;2023=120.4;2024=132.9;2025=270.6,2021=;2022=;2023=;2024=;2025=,2023-2025,2024->2025,2.0,omhoog,->,brutowinst ontbreekt,nee,49.9,nee
VLA.PA,Valneva SE,Healthcare,FR,EUR,2021=;2022=361.3;2023=153.7;2024=169.6;2025=174.7,2021=;2022=36.9;2023=52.8;2024=71.0;2025=67.5,2022-2025,2022->2023,2.4,omlaag,36.9->52.8,brutowinst volgt niet,nee,-21.5,nee
VOIM.OL,Voim ASA,Energy,NO,NOK,2021=;2022=336.6;2023=76.9;2024=238.0;2025=227.0,2021=;2022=190.0;2023=-5.4;2024=86.8;2025=4.9,2022-2025,2022->2023;2023->2024,4.4;3.1,omlaag;omhoog,190.0->-5.4;-5.4->86.8,brutowinst negatief;brutowinst negatief,nee,-12.3,nee
WINV.L,Worsley Investors Limited,Financial Services,UK,GBP,2022=;2023=1.5;2024=0.5;2025=-1.7;2026=4.6,2022=;2023=;2024=;2025=;2026=,2023-2026,2023->2024;2024->2026,3.2;10.1,omlaag;omhoog,->;->,brutowinst ontbreekt;brutowinst ontbreekt,nee,46.6,nee
WWG.F,Gelsenwasser AG,Utilities,DE,EUR,2021=;2022=13366.5;2023=4049.7;2024=2958.6;2025=2978.4,2021=;2022=325.1;2023=320.3;2024=364.6;2025=371.0,2022-2025,2022->2023,3.3,omlaag,325.1->320.3,brutowinst volgt niet,nee,-39.4,nee
ZAP.WA,Zaklady Azotowe Pulawy S.A.,Basic Materials,PL,PLN,2022=8898.7;2023=4399.6;2024=3480.6;2025=3896.3,2022=1385.8;2023=-137.4;2024=-127.7;2025=202.5,2022-2025,2022->2023,2.0,omlaag,1385.8->-137.4,brutowinst negatief,nee,-24.1,nee
